year,month,day,hour,minute,second,millisecond,detector_mask
year,month,day,hour,minute,second,millisecond,detector_mask
0,0,0,0,0,12,543,0
0,0,0,0,0,13,230,0
0,0,0,0,0,14,211,0
0,0,0,0,0,15,304,0
0,0,0,0,0,17,765,0
0,0,0,0,0,19,719,0
0,0,0,0,0,20,764,0
0,0,0,0,0,21,298,0
0,0,0,0,0,21,986,0
0,0,0,0,0,22,567,0
0,0,0,0,0,23,242,0
0,0,0,0,0,24,40,0
0,0,0,0,0,25,284,0
0,0,0,0,0,25,903,0
0,0,0,0,0,26,831,0
0,0,0,0,0,28,113,0
0,0,0,0,0,28,113,0
0,0,0,0,0,28,113,0
0,0,0,0,0,28,113,0
0,0,0,0,0,28,113,0
0,0,0,0,0,28,113,0
0,0,0,0,0,35,446,0
0,0,0,0,0,36,627,0
0,0,0,0,0,37,638,0
0,0,0,0,0,40,92,0
0,0,0,0,0,41,339,0
0,0,0,0,0,41,898,0
0,0,0,0,0,42,639,0
0,0,0,0,0,43,498,0
0,0,0,0,0,44,533,0
0,0,0,0,0,45,227,0
0,0,0,0,0,47,323,0
0,0,0,0,0,47,853,0
0,0,0,0,0,48,417,0
0,0,0,0,0,49,132,0
0,0,0,0,0,49,753,0
0,0,0,0,0,50,287,0
0,0,0,0,0,50,287,0
0,0,0,0,0,50,287,0
0,0,0,0,0,50,287,0
0,0,0,0,0,50,287,0
0,0,0,0,0,50,287,0
0,0,0,0,0,50,287,0
0,0,0,0,0,50,287,0
0,0,0,0,0,50,287,0
0,0,0,0,0,50,287,0
0,0,0,0,0,50,287,0
0,0,0,0,0,50,287,0
0,0,0,0,0,50,287,0
0,0,0,0,0,50,287,0
0,0,0,0,0,59,591,0
0,0,0,0,1,0,203,0
0,0,0,0,1,1,157,0
0,0,0,0,1,1,838,0
0,0,0,0,1,7,851,0
0,0,0,0,1,8,430,0
0,0,0,0,1,9,157,0
0,0,0,0,1,10,198,0
0,0,0,0,1,10,937,0
0,0,0,0,1,11,714,0
0,0,0,0,1,12,312,0
0,0,0,0,1,12,911,0
0,0,0,0,1,13,443,0
0,0,0,0,1,14,73,0
0,0,0,0,1,14,696,0
0,0,0,0,1,15,406,0
0,0,0,0,1,15,406,0
0,0,0,0,1,15,406,0
0,0,0,0,1,15,406,0
0,0,0,0,1,15,406,0
0,0,0,0,1,15,406,0
0,0,0,0,1,15,406,0
0,0,0,0,1,15,406,0
0,0,0,0,1,15,406,0
0,0,0,0,1,15,406,0
0,0,0,0,1,15,406,0
0,0,0,0,1,15,406,0
0,0,0,0,1,15,406,0
0,0,0,0,1,15,406,0
0,0,0,0,1,15,406,0
0,0,0,0,1,15,406,0
0,0,0,0,1,15,406,0
0,0,0,0,1,15,406,0
0,0,0,0,1,15,406,0
0,0,0,0,1,15,406,0
0,0,0,0,1,15,406,0
0,0,0,0,1,15,406,0
0,0,0,0,1,15,406,0
0,0,0,0,1,15,406,0
0,0,0,0,1,15,406,0
0,0,0,0,1,15,406,0
0,0,0,0,1,15,406,0
0,0,0,0,1,15,406,0
0,0,0,0,1,15,406,0
0,0,0,0,1,15,406,0
0,0,0,0,1,15,406,0
0,0,0,0,1,15,406,0
0,0,0,0,1,15,406,0
0,0,0,0,1,15,406,0
0,0,0,0,1,15,406,0
0,0,0,0,1,15,406,0
0,0,0,0,1,15,406,0
0,0,0,0,1,15,406,0
0,0,0,0,1,15,406,0
0,0,0,0,1,15,406,0
0,0,0,0,1,15,406,0
0,0,0,0,1,15,406,0
0,0,0,0,1,15,406,0
0,0,0,0,1,15,406,0
0,0,0,0,1,15,406,0
0,0,0,0,1,15,406,0
0,0,0,0,1,15,406,0
0,0,0,0,1,15,406,0
0,0,0,0,1,15,406,0
0,0,0,0,1,15,406,0
0,0,0,0,1,15,406,0
0,0,0,0,1,15,406,0
0,0,0,0,1,15,406,0
0,0,0,0,1,15,406,0
0,0,0,0,1,15,406,0
0,0,0,0,1,15,406,0
0,0,0,0,1,15,406,0
0,0,0,0,1,15,406,0
0,0,0,0,1,15,406,0
0,0,0,0,1,15,406,0
0,0,0,0,1,15,406,0
0,0,0,0,1,15,406,0
0,0,0,0,1,15,406,0
0,0,0,0,1,15,406,0
0,0,0,0,1,15,406,0
0,0,0,0,1,15,406,0
0,0,0,0,1,15,406,0
0,0,0,0,1,15,406,0
0,0,0,0,1,15,406,0
0,0,0,0,1,15,406,0
0,0,0,0,1,15,406,0
0,0,0,0,1,15,406,0
0,0,0,0,1,15,406,0
0,0,0,0,1,15,406,0
0,0,0,0,1,15,406,0
0,0,0,0,1,15,406,0
0,0,0,0,1,15,406,0
0,0,0,0,1,15,406,0
0,0,0,0,1,15,406,0
0,0,0,0,1,15,406,0
0,0,0,0,1,15,406,0
0,0,0,0,1,15,406,0
0,0,0,0,1,15,406,0
0,0,0,0,1,15,406,0
0,0,0,0,1,15,406,0
0,0,0,0,1,15,406,0
0,0,0,0,1,15,406,0
0,0,0,0,1,15,406,0
0,0,0,0,1,15,406,0
0,0,0,0,1,15,406,0
0,0,0,0,1,15,406,0
0,0,0,0,1,15,406,0
0,0,0,0,1,15,406,0
0,0,0,0,1,15,406,0
0,0,0,0,1,15,406,0
0,0,0,0,1,15,406,0
0,0,0,0,1,15,406,0
0,0,0,0,1,15,406,0
0,0,0,0,1,15,406,0
0,0,0,0,1,15,406,0
0,0,0,0,1,15,406,0
0,0,0,0,1,15,406,0
0,0,0,0,1,15,406,0
0,0,0,0,1,15,406,0
0,0,0,0,1,15,406,0
0,0,0,0,1,15,406,0
0,0,0,0,1,15,406,0
0,0,0,0,1,15,406,0
0,0,0,0,1,15,406,0
0,0,0,0,1,15,406,0
0,0,0,0,1,15,406,0
0,0,0,0,1,15,406,0
0,0,0,0,1,15,406,0
0,0,0,0,1,15,406,0
0,0,0,0,1,15,406,0
0,0,0,0,1,15,406,0
0,0,0,0,1,15,406,0
year,month,day,hour,minute,second,millisecond,detector_mask
0,0,0,0,0,14,969,0
0,0,0,0,0,15,533,0
0,0,0,0,0,17,931,0
0,0,0,0,0,18,966,0
0,0,0,0,0,19,586,0
0,0,0,0,0,20,352,0
0,0,0,0,0,21,158,0
0,0,0,0,0,21,758,0
0,0,0,0,0,25,811,0
0,0,0,0,0,26,625,0
0,0,0,0,0,27,737,0
0,0,0,0,0,28,423,0
0,0,0,0,0,31,1,0
0,0,0,0,0,31,637,0
0,0,0,0,0,32,425,0
0,0,0,0,0,33,346,0
0,0,0,0,0,33,346,0
0,0,0,0,0,33,346,0
0,0,0,0,0,33,346,0
0,0,0,0,0,33,346,0
0,0,0,0,0,33,346,0
0,0,0,0,0,33,346,0
0,0,0,0,0,33,346,0
0,0,0,0,0,41,161,0
0,0,0,0,0,42,44,0
0,0,0,0,0,42,606,0
0,0,0,0,0,44,295,0
0,0,0,0,0,44,922,0
0,0,0,0,0,45,483,0
0,0,0,0,0,46,287,0
0,0,0,0,0,46,922,0
0,0,0,0,0,47,719,0
0,0,0,0,0,48,639,0
0,0,0,0,0,49,180,0
0,0,0,0,0,49,840,0
0,0,0,0,0,52,680,0
0,0,0,0,0,53,274,0
0,0,0,0,0,53,818,0
0,0,0,0,0,55,391,0
0,0,0,0,0,55,391,0
0,0,0,0,0,55,391,0
0,0,0,0,0,55,391,0
0,0,0,0,0,55,391,0
0,0,0,0,0,55,391,0
0,0,0,0,0,55,391,0
0,0,0,0,0,55,391,0
0,0,0,0,0,55,391,0
0,0,0,0,0,55,391,0
0,0,0,0,0,55,391,0
0,0,0,0,0,55,391,0
0,0,0,0,0,55,391,0
0,0,0,0,0,55,391,0
0,0,0,0,0,55,391,0
0,0,0,0,0,55,391,0
0,0,0,0,0,55,391,0
0,0,0,0,0,55,391,0
0,0,0,0,0,55,391,0
0,0,0,0,0,55,391,0
0,0,0,0,0,55,391,0
0,0,0,0,0,55,391,0
0,0,0,0,0,55,391,0
0,0,0,0,0,55,391,0
0,0,0,0,0,55,391,0
0,0,0,0,0,55,391,0
0,0,0,0,0,55,391,0
0,0,0,0,0,55,391,0
0,0,0,0,0,55,391,0
0,0,0,0,0,55,391,0
0,0,0,0,0,55,391,0
0,0,0,0,0,55,391,0
0,0,0,0,0,55,391,0
0,0,0,0,0,55,391,0
0,0,0,0,0,55,391,0
0,0,0,0,0,55,391,0
0,0,0,0,0,55,391,0
0,0,0,0,0,55,391,0
0,0,0,0,0,55,391,0
0,0,0,0,0,55,391,0
0,0,0,0,0,55,391,0
0,0,0,0,0,55,391,0
0,0,0,0,0,55,391,0
0,0,0,0,0,55,391,0
0,0,0,0,0,55,391,0
0,0,0,0,0,55,391,0
0,0,0,0,0,55,391,0
0,0,0,0,0,55,391,0
0,0,0,0,0,55,391,0
0,0,0,0,0,55,391,0
0,0,0,0,0,55,391,0
0,0,0,0,0,55,391,0
0,0,0,0,0,55,391,0
0,0,0,0,0,55,391,0
0,0,0,0,0,55,391,0
0,0,0,0,0,55,391,0
0,0,0,0,0,55,391,0
0,0,0,0,0,55,391,0
0,0,0,0,0,55,391,0
0,0,0,0,0,55,391,0
0,0,0,0,0,55,391,0
0,0,0,0,0,55,391,0
0,0,0,0,0,55,391,0
0,0,0,0,2,5,211,0
0,0,0,0,2,7,424,0
0,0,0,0,2,8,348,0
0,0,0,0,2,9,467,0
0,0,0,0,2,10,411,0
0,0,0,0,2,11,682,0
0,0,0,0,2,12,846,0
0,0,0,0,2,13,672,0
0,0,0,0,2,14,270,0
0,0,0,0,2,16,605,0
0,0,0,0,2,17,170,0
0,0,0,0,2,17,790,0
0,0,0,0,2,18,425,0
0,0,0,0,2,19,20,0
0,0,0,0,2,20,529,0
0,0,0,0,2,21,160,0
0,0,0,0,2,21,160,0
0,0,0,0,2,21,160,0
0,0,0,0,2,21,160,0
0,0,0,0,2,21,160,0
0,0,0,0,2,30,337,0
0,0,0,0,2,31,13,0
0,0,0,0,2,31,936,0
0,0,0,0,2,32,657,0
0,0,0,0,2,37,955,0
0,0,0,0,2,38,519,0
0,0,0,0,2,39,618,0
0,0,0,0,2,45,261,0
0,0,0,0,2,45,855,0
0,0,0,0,2,46,433,0
0,0,0,0,2,47,108,0
0,0,0,0,2,48,636,0
0,0,0,0,2,49,229,0
0,0,0,0,2,49,927,0
0,0,0,0,2,51,875,0
0,0,0,0,2,52,504,0
0,0,0,0,2,52,504,0
0,0,0,0,2,52,504,0
0,0,0,0,2,52,504,0
0,0,0,0,2,52,504,0
0,0,0,0,2,52,504,0
0,0,0,0,2,52,504,0
0,0,0,0,2,52,504,0
0,0,0,0,2,52,504,0
0,0,0,0,2,52,504,0
0,0,0,0,2,52,504,0
0,0,0,0,2,52,504,0
0,0,0,0,2,52,504,0
0,0,0,0,2,52,504,0
0,0,0,0,2,52,504,0
0,0,0,0,2,52,504,0
0,0,0,0,2,52,504,0
0,0,0,0,2,52,504,0
0,0,0,0,2,52,504,0
0,0,0,0,2,52,504,0
0,0,0,0,2,52,504,0
0,0,0,0,2,52,504,0
0,0,0,0,2,52,504,0
0,0,0,0,2,52,504,0
0,0,0,0,2,52,504,0
0,0,0,0,2,52,504,0
0,0,0,0,2,52,504,0
0,0,0,0,2,52,504,0
0,0,0,0,2,52,504,0
0,0,0,0,2,52,504,0
0,0,0,0,2,52,504,0
0,0,0,0,2,52,504,0
0,0,0,0,2,52,504,0
0,0,0,0,2,52,504,0
0,0,0,0,2,52,504,0
0,0,0,0,2,52,504,0
0,0,0,0,2,52,504,0
0,0,0,0,2,52,504,0
0,0,0,0,2,52,504,0
0,0,0,0,2,52,504,0
0,0,0,0,2,52,504,0
0,0,0,0,2,52,504,0
0,0,0,0,2,52,504,0
0,0,0,0,2,52,504,0
0,0,0,0,2,52,504,0
0,0,0,0,2,52,504,0
0,0,0,0,2,52,504,0
0,0,0,0,2,52,504,0
0,0,0,0,2,52,504,0
0,0,0,0,2,52,504,0
0,0,0,0,2,52,504,0
0,0,0,0,2,52,504,0
0,0,0,0,2,52,504,0
0,0,0,0,2,52,504,0
0,0,0,0,2,52,504,0
0,0,0,0,3,54,79,0
0,0,0,0,3,54,641,0
0,0,0,0,3,55,527,0
0,0,0,0,3,58,628,0
0,0,0,0,3,59,196,0
0,0,0,0,3,59,932,0
0,0,0,0,4,0,991,0
0,0,0,0,4,1,534,0
0,0,0,0,4,2,728,0
0,0,0,0,4,3,290,0
0,0,0,0,4,4,446,0
0,0,0,0,4,5,462,0
0,0,0,0,4,6,143,0
0,0,0,0,4,8,122,0
0,0,0,0,4,9,682,0
0,0,0,0,4,10,283,0
0,0,0,0,4,10,283,0
0,0,0,0,4,10,283,0
0,0,0,0,4,10,283,0
0,0,0,0,4,10,283,0
0,0,0,0,4,10,283,0
0,0,0,0,4,10,283,0
0,0,0,0,4,10,283,0
0,0,0,0,4,10,283,0
0,0,0,0,4,10,283,0
0,0,0,0,4,10,283,0
0,0,0,0,4,10,283,0
0,0,0,0,4,10,283,0
0,0,0,0,4,10,283,0
0,0,0,0,4,10,283,0
0,0,0,0,4,10,283,0
0,0,0,0,4,10,283,0
0,0,0,0,4,10,283,0
0,0,0,0,4,10,283,0
0,0,0,0,4,10,283,0
0,0,0,0,4,10,283,0
0,0,0,0,4,10,283,0
0,0,0,0,4,10,283,0
0,0,0,0,4,10,283,0
0,0,0,0,4,10,283,0
0,0,0,0,4,10,283,0
0,0,0,0,4,10,283,0
0,0,0,0,4,10,283,0
0,0,0,0,4,10,283,0
0,0,0,0,4,10,283,0
0,0,0,0,4,10,283,0
0,0,0,0,4,10,283,0
0,0,0,0,4,10,283,0
0,0,0,0,4,10,283,0
0,0,0,0,4,10,283,0
0,0,0,0,4,10,283,0
0,0,0,0,4,10,283,0
0,0,0,0,4,10,283,0
0,0,0,0,4,10,283,0
0,0,0,0,4,10,283,0
0,0,0,0,4,49,439,0
0,0,0,0,4,50,628,0
0,0,0,0,4,52,17,0
0,0,0,0,4,52,820,0
0,0,0,0,4,53,409,0
0,0,0,0,4,56,42,0
0,0,0,0,4,57,811,0
0,0,0,0,4,58,344,0
0,0,0,0,4,59,779,0
0,0,0,0,5,1,375,0
0,0,0,0,5,2,5,0
0,0,0,0,5,2,659,0
0,0,0,0,5,3,220,0
0,0,0,0,5,3,811,0
0,0,0,0,5,4,344,0
0,0,0,0,5,5,390,0
0,0,0,0,5,5,390,0
0,0,0,0,5,5,390,0
0,0,0,0,5,5,390,0
0,0,0,0,5,5,390,0
0,0,0,0,5,5,390,0
0,0,0,0,5,5,390,0
0,0,0,0,5,5,390,0
0,0,0,0,5,5,390,0
0,0,0,0,5,5,390,0
0,0,0,0,5,5,390,0
0,0,0,0,5,5,390,0
0,0,0,0,5,5,390,0
0,0,0,0,5,5,390,0
0,0,0,0,5,5,390,0
0,0,0,0,5,5,390,0
0,0,0,0,5,5,390,0
0,0,0,0,5,5,390,0
0,0,0,0,5,5,390,0
0,0,0,0,5,5,390,0
0,0,0,0,5,5,390,0
0,0,0,0,5,5,390,0
0,0,0,0,5,5,390,0
0,0,0,0,5,5,390,0
0,0,0,0,5,5,390,0
0,0,0,0,5,5,390,0
0,0,0,0,5,5,390,0
0,0,0,0,5,5,390,0
0,0,0,0,5,5,390,0
0,0,0,0,5,5,390,0
0,0,0,0,5,5,390,0
0,0,0,0,5,5,390,0
0,0,0,0,5,5,390,0
0,0,0,0,5,5,390,0
0,0,0,0,5,5,390,0
0,0,0,0,5,45,148,0
0,0,0,0,5,46,600,0
0,0,0,0,5,47,255,0
0,0,0,0,5,48,884,0
0,0,0,0,5,51,868,0
0,0,0,0,5,52,433,0
0,0,0,0,5,53,31,0
0,0,0,0,5,55,665,0
0,0,0,0,5,56,260,0
0,0,0,0,5,57,649,0
0,0,0,0,5,59,738,0
0,0,0,0,6,2,267,0
0,0,0,0,6,2,858,0
0,0,0,0,6,3,424,0
0,0,0,0,6,4,701,0
0,0,0,0,6,5,330,0
0,0,0,0,6,5,330,0
0,0,0,0,6,5,330,0
0,0,0,0,6,5,330,0
0,0,0,0,6,5,330,0
0,0,0,0,6,5,330,0
0,0,0,0,6,10,718,0
0,0,0,0,6,11,265,0
0,0,0,0,6,11,822,0
0,0,0,0,6,12,420,0
0,0,0,0,6,13,41,0
0,0,0,0,6,17,280,0
year,month,day,hour,minute,second,millisecond,detector_mask
0,0,0,0,0,12,611,0
0,0,0,0,0,13,693,0
0,0,0,0,0,14,604,0
0,0,0,0,0,15,652,0
0,0,0,0,0,16,549,0
0,0,0,0,0,17,436,0
0,0,0,0,0,18,391,0
0,0,0,0,0,21,274,0
0,0,0,0,0,23,354,0
0,0,0,0,0,26,832,0
0,0,0,0,0,27,552,0
0,0,0,0,0,34,134,0
0,0,0,0,0,34,723,0
0,0,0,0,0,35,577,0
0,0,0,0,0,36,629,0
0,0,0,0,0,37,720,0
0,0,0,0,0,38,781,0
0,0,0,0,0,39,548,0
0,0,0,0,0,40,284,0
0,0,0,0,0,41,413,0
0,0,0,0,0,43,385,0
0,0,0,0,0,43,915,0
0,0,0,0,0,44,450,0
0,0,0,0,0,45,105,0
0,0,0,0,0,46,171,0
0,0,0,0,0,47,30,0
0,0,0,0,0,48,334,0
0,0,0,0,0,49,322,0
0,0,0,0,0,50,298,0
0,0,0,0,0,50,856,0
0,0,0,0,0,51,890,0
0,0,0,0,0,52,484,0
0,0,0,0,0,53,193,0
0,0,0,0,0,54,652,0
0,0,0,0,0,55,941,0
0,0,0,0,0,55,941,0
0,0,0,0,0,55,941,0
0,0,0,0,0,55,941,0
0,0,0,0,0,55,941,0
0,0,0,0,0,55,941,0
0,0,0,0,0,55,941,0
0,0,0,0,0,55,941,0
0,0,0,0,1,9,181,0
0,0,0,0,1,9,837,0
0,0,0,0,1,10,984,0
0,0,0,0,1,12,202,0
0,0,0,0,1,13,235,0
0,0,0,0,1,13,861,0
0,0,0,0,1,16,844,0
0,0,0,0,1,17,643,0
0,0,0,0,1,18,680,0
0,0,0,0,1,19,212,0
0,0,0,0,1,19,861,0
0,0,0,0,1,20,423,0
0,0,0,0,1,24,794,0
0,0,0,0,1,25,473,0
0,0,0,0,1,26,131,0
0,0,0,0,1,26,722,0
0,0,0,0,1,26,722,0
0,0,0,0,1,26,722,0
0,0,0,0,1,26,722,0
0,0,0,0,1,26,722,0
0,0,0,0,1,34,494,0
0,0,0,0,1,35,143,0
0,0,0,0,1,36,97,0
0,0,0,0,1,37,159,0
0,0,0,0,1,38,397,0
0,0,0,0,1,39,321,0
0,0,0,0,1,39,856,0
0,0,0,0,1,40,683,0
0,0,0,0,1,41,370,0
0,0,0,0,1,43,206,0
0,0,0,0,1,44,687,0
0,0,0,0,1,45,401,0
0,0,0,0,1,46,579,0
0,0,0,0,1,47,265,0
0,0,0,0,1,47,868,0
0,0,0,0,1,50,378,0
0,0,0,0,1,50,378,0
0,0,0,0,1,50,378,0
0,0,0,0,1,50,378,0
0,0,0,0,1,50,378,0
0,0,0,0,1,50,378,0
0,0,0,0,1,50,378,0
0,0,0,0,1,50,378,0
0,0,0,0,1,50,378,0
0,0,0,0,1,50,378,0
0,0,0,0,1,50,378,0
0,0,0,0,1,50,378,0
0,0,0,0,2,1,191,0
0,0,0,0,2,1,816,0
0,0,0,0,2,3,975,0
0,0,0,0,2,5,84,0
0,0,0,0,2,6,942,0
0,0,0,0,2,7,512,0
0,0,0,0,2,8,673,0
0,0,0,0,2,9,310,0
0,0,0,0,2,9,956,0
0,0,0,0,2,10,702,0
0,0,0,0,2,13,427,0
0,0,0,0,2,14,18,0
0,0,0,0,2,14,585,0
0,0,0,0,2,15,382,0
0,0,0,0,2,16,222,0
0,0,0,0,2,17,43,0
0,0,0,0,2,17,43,0
0,0,0,0,2,17,43,0
0,0,0,0,2,17,43,0
0,0,0,0,2,17,43,0
0,0,0,0,2,17,43,0
0,0,0,0,2,17,43,0
0,0,0,0,2,17,43,0
0,0,0,0,2,17,43,0
0,0,0,0,2,17,43,0
0,0,0,0,2,17,43,0
0,0,0,0,2,25,671,0
0,0,0,0,2,28,662,0
0,0,0,0,2,29,282,0
0,0,0,0,2,29,972,0
0,0,0,0,2,30,571,0
0,0,0,0,2,31,550,0
0,0,0,0,2,33,329,0
0,0,0,0,2,34,786,0
0,0,0,0,2,36,899,0
0,0,0,0,2,37,550,0
0,0,0,0,2,38,167,0
0,0,0,0,2,38,974,0
0,0,0,0,2,39,506,0
0,0,0,0,2,40,107,0
0,0,0,0,2,40,757,0
0,0,0,0,2,43,387,0
0,0,0,0,2,43,387,0
0,0,0,0,2,43,387,0
0,0,0,0,2,43,387,0
0,0,0,0,2,43,387,0
0,0,0,0,2,43,387,0
0,0,0,0,2,43,387,0
0,0,0,0,2,43,387,0
0,0,0,0,2,43,387,0
0,0,0,0,2,43,387,0
0,0,0,0,2,43,387,0
0,0,0,0,2,43,387,0
0,0,0,0,2,43,387,0
0,0,0,0,2,43,387,0
0,0,0,0,2,43,387,0
0,0,0,0,2,43,387,0
0,0,0,0,2,43,387,0
0,0,0,0,2,43,387,0
0,0,0,0,2,43,387,0
0,0,0,0,2,43,387,0
0,0,0,0,2,43,387,0
0,0,0,0,2,43,387,0
0,0,0,0,2,43,387,0
0,0,0,0,2,43,387,0
0,0,0,0,2,43,387,0
0,0,0,0,2,43,387,0
0,0,0,0,2,43,387,0
0,0,0,0,2,43,387,0
0,0,0,0,2,43,387,0
0,0,0,0,2,43,387,0
0,0,0,0,2,43,387,0
0,0,0,0,2,43,387,0
0,0,0,0,2,43,387,0
0,0,0,0,2,43,387,0
0,0,0,0,3,21,604,0
0,0,0,0,3,22,203,0
year,month,day,hour,minute,second,millisecond,detector_mask
0,0,0,0,0,17,124,0
0,0,0,0,0,18,597,0
0,0,0,0,0,20,376,0
0,0,0,0,0,22,38,0
0,0,0,0,0,22,712,0
0,0,0,0,0,23,426,0
0,0,0,0,0,24,228,0
0,0,0,0,0,25,35,0
0,0,0,0,0,26,160,0
0,0,0,0,0,27,80,0
0,0,0,0,0,27,906,0
0,0,0,0,0,29,339,0
0,0,0,0,0,32,32,0
0,0,0,0,0,33,261,0
0,0,0,0,0,33,883,0
0,0,0,0,0,34,598,0
0,0,0,0,0,34,598,0
0,0,0,0,0,34,598,0
0,0,0,0,0,34,598,0
0,0,0,0,0,34,598,0
0,0,0,0,0,34,598,0
0,0,0,0,0,34,598,0
0,0,0,0,0,53,809,0
0,0,0,0,0,59,550,0
0,0,0,0,1,0,647,0
0,0,0,0,1,4,103,0
0,0,0,0,1,4,720,0
0,0,0,0,1,5,613,0
0,0,0,0,1,7,219,0
0,0,0,0,1,9,320,0
0,0,0,0,1,10,92,0
0,0,0,0,1,10,715,0
0,0,0,0,1,11,277,0
0,0,0,0,1,12,56,0
0,0,0,0,1,12,991,0
0,0,0,0,1,13,815,0
0,0,0,0,1,14,856,0
0,0,0,0,1,15,429,0
0,0,0,0,1,16,80,0
0,0,0,0,1,17,260,0
0,0,0,0,1,18,381,0
0,0,0,0,1,19,71,0
0,0,0,0,1,20,222,0
0,0,0,0,1,23,65,0
0,0,0,0,1,23,839,0
0,0,0,0,1,24,521,0
0,0,0,0,1,25,200,0
0,0,0,0,1,25,909,0
0,0,0,0,1,26,837,0
0,0,0,0,1,26,837,0
0,0,0,0,1,26,837,0
0,0,0,0,1,26,837,0
0,0,0,0,1,26,837,0
0,0,0,0,1,26,837,0
0,0,0,0,1,26,837,0
0,0,0,0,1,26,837,0
0,0,0,0,1,26,837,0
0,0,0,0,1,26,837,0
0,0,0,0,1,26,837,0
0,0,0,0,1,26,837,0
0,0,0,0,1,39,792,0
0,0,0,0,1,40,798,0
0,0,0,0,1,41,541,0
0,0,0,0,1,46,602,0
0,0,0,0,1,47,321,0
0,0,0,0,1,48,268,0
0,0,0,0,1,48,925,0
0,0,0,0,1,49,457,0
0,0,0,0,1,53,935,0
0,0,0,0,1,57,441,0
0,0,0,0,1,58,70,0
0,0,0,0,1,58,603,0
0,0,0,0,1,59,199,0
0,0,0,0,1,59,731,0
0,0,0,0,2,0,328,0
0,0,0,0,2,5,428,0
0,0,0,0,2,6,60,0
0,0,0,0,2,6,712,0
0,0,0,0,2,7,362,0
0,0,0,0,2,8,24,0
0,0,0,0,2,8,646,0
0,0,0,0,2,10,79,0
0,0,0,0,2,11,499,0
0,0,0,0,2,12,717,0
0,0,0,0,2,13,281,0
0,0,0,0,2,14,272,0
0,0,0,0,2,16,469,0
0,0,0,0,2,17,123,0
0,0,0,0,2,18,545,0
0,0,0,0,2,20,286,0
0,0,0,0,2,20,996,0
0,0,0,0,2,23,307,0
0,0,0,0,2,23,307,0
0,0,0,0,2,23,307,0
0,0,0,0,2,23,307,0
0,0,0,0,2,23,307,0
0,0,0,0,2,23,307,0
0,0,0,0,2,23,307,0
0,0,0,0,2,23,307,0
0,0,0,0,2,23,307,0
0,0,0,0,2,23,307,0
0,0,0,0,2,23,307,0
0,0,0,0,2,23,307,0
0,0,0,0,2,23,307,0
0,0,0,0,2,23,307,0
0,0,0,0,2,23,307,0
0,0,0,0,2,23,307,0
0,0,0,0,2,23,307,0
0,0,0,0,2,23,307,0
0,0,0,0,2,23,307,0
0,0,0,0,2,23,307,0
0,0,0,0,2,23,307,0
0,0,0,0,2,23,307,0
0,0,0,0,2,23,307,0
0,0,0,0,2,23,307,0
0,0,0,0,2,23,307,0
0,0,0,0,2,23,307,0
0,0,0,0,2,23,307,0
0,0,0,0,2,23,307,0
0,0,0,0,2,23,307,0
0,0,0,0,2,23,307,0
0,0,0,0,2,23,307,0
0,0,0,0,2,23,307,0
0,0,0,0,2,23,307,0
0,0,0,0,3,2,34,0
0,0,0,0,3,2,583,0
0,0,0,0,3,3,791,0
0,0,0,0,3,4,322,0
0,0,0,0,3,5,89,0
0,0,0,0,3,6,424,0
0,0,0,0,3,6,968,0
0,0,0,0,3,7,510,0
0,0,0,0,3,8,778,0
0,0,0,0,3,9,813,0
0,0,0,0,3,14,998,0
0,0,0,0,3,15,597,0
0,0,0,0,3,16,333,0
0,0,0,0,3,16,930,0
0,0,0,0,3,18,495,0
0,0,0,0,3,19,34,0
0,0,0,0,3,19,34,0
0,0,0,0,3,19,34,0
0,0,0,0,3,19,34,0
0,0,0,0,3,19,34,0
0,0,0,0,3,19,34,0
0,0,0,0,3,19,34,0
0,0,0,0,3,19,34,0
0,0,0,0,3,19,34,0
0,0,0,0,3,19,34,0
0,0,0,0,3,19,34,0
0,0,0,0,3,19,34,0
0,0,0,0,3,19,34,0
0,0,0,0,3,30,35,0
0,0,0,0,3,30,626,0
0,0,0,0,3,31,166,0
0,0,0,0,3,32,607,0
0,0,0,0,3,33,350,0
0,0,0,0,3,34,477,0
0,0,0,0,3,36,846,0
0,0,0,0,3,40,976,0
0,0,0,0,3,42,454,0
0,0,0,0,3,43,575,0
0,0,0,0,3,51,577,0
0,0,0,0,3,52,405,0
0,0,0,0,3,52,973,0
0,0,0,0,3,54,73,0
0,0,0,0,3,57,246,0
0,0,0,0,3,57,809,0
0,0,0,0,3,57,809,0
0,0,0,0,3,57,809,0
0,0,0,0,3,57,809,0
0,0,0,0,3,57,809,0
0,0,0,0,3,57,809,0
0,0,0,0,3,57,809,0
0,0,0,0,3,57,809,0
0,0,0,0,3,57,809,0
0,0,0,0,3,57,809,0
0,0,0,0,3,57,809,0
0,0,0,0,3,57,809,0
0,0,0,0,3,57,809,0
0,0,0,0,3,57,809,0
0,0,0,0,3,57,809,0
0,0,0,0,3,57,809,0
0,0,0,0,3,57,809,0
0,0,0,0,4,31,932,0
0,0,0,0,4,32,581,0
0,0,0,0,4,33,260,0
0,0,0,0,4,34,462,0
0,0,0,0,4,35,53,0
0,0,0,0,4,35,620,0
0,0,0,0,4,36,152,0
0,0,0,0,4,36,986,0
0,0,0,0,4,37,609,0
0,0,0,0,4,38,230,0
0,0,0,0,4,38,915,0
0,0,0,0,4,41,194,0
0,0,0,0,4,41,788,0
0,0,0,0,4,47,266,0
0,0,0,0,4,48,242,0
0,0,0,0,4,52,650,0
0,0,0,0,4,52,650,0
0,0,0,0,4,52,650,0
0,0,0,0,4,52,650,0
0,0,0,0,4,56,140,0
0,0,0,0,4,59,433,0
0,0,0,0,5,1,533,0
0,0,0,0,5,2,131,0
0,0,0,0,5,2,725,0
0,0,0,0,5,3,462,0
0,0,0,0,5,4,353,0
0,0,0,0,5,5,275,0
0,0,0,0,5,6,102,0
0,0,0,0,5,6,632,0
0,0,0,0,5,7,226,0
0,0,0,0,5,7,774,0
0,0,0,0,5,8,598,0
0,0,0,0,5,10,831,0
0,0,0,0,5,11,420,0
0,0,0,0,5,12,412,0
0,0,0,0,5,12,412,0
0,0,0,0,5,12,412,0
0,0,0,0,5,12,412,0
0,0,0,0,5,12,412,0
0,0,0,0,5,12,412,0
0,0,0,0,5,12,412,0
0,0,0,0,5,12,412,0
0,0,0,0,5,12,412,0
0,0,0,0,5,12,412,0
0,0,0,0,5,12,412,0
0,0,0,0,5,12,412,0
0,0,0,0,5,23,877,0
0,0,0,0,5,26,487,0
0,0,0,0,5,28,4,0
0,0,0,0,5,28,592,0
0,0,0,0,5,29,276,0
0,0,0,0,5,30,585,0
0,0,0,0,5,33,458,0
0,0,0,0,5,34,966,0
0,0,0,0,5,36,94,0
0,0,0,0,5,40,473,0
0,0,0,0,5,46,710,0
0,0,0,0,5,47,342,0
0,0,0,0,5,47,876,0
0,0,0,0,5,48,593,0
0,0,0,0,5,50,193,0
0,0,0,0,5,50,776,0
0,0,0,0,6,3,443,0
0,0,0,0,6,5,74,0
0,0,0,0,6,5,638,0
0,0,0,0,6,9,98,0
0,0,0,0,6,9,821,0
0,0,0,0,6,10,355,0
0,0,0,0,6,11,782,0
0,0,0,0,6,14,261,0
0,0,0,0,6,14,803,0
0,0,0,0,6,17,996,0
0,0,0,0,6,19,224,0
0,0,0,0,6,23,360,0
0,0,0,0,6,29,161,0
0,0,0,0,6,29,990,0
0,0,0,0,6,30,520,0
0,0,0,0,6,31,255,0
0,0,0,0,6,32,709,0
0,0,0,0,6,34,137,0
0,0,0,0,6,35,785,0
0,0,0,0,6,37,856,0
0,0,0,0,6,41,564,0
0,0,0,0,6,45,505,0
0,0,0,0,6,46,200,0
0,0,0,0,6,47,18,0
0,0,0,0,6,47,664,0
0,0,0,0,6,48,640,0
0,0,0,0,6,49,833,0
0,0,0,0,6,53,545,0
0,0,0,0,6,54,515,0
0,0,0,0,6,57,749,0
0,0,0,0,6,58,959,0
0,0,0,0,7,3,51,0
0,0,0,0,7,5,243,0
0,0,0,0,7,6,807,0
0,0,0,0,7,8,145,0
0,0,0,0,7,9,953,0
0,0,0,0,7,13,476,0
0,0,0,0,7,14,487,0
0,0,0,0,7,15,26,0
0,0,0,0,7,15,588,0
0,0,0,0,7,17,548,0
0,0,0,0,7,21,127,0
0,0,0,0,7,22,524,0
0,0,0,0,7,24,572,0
0,0,0,0,7,27,592,0
0,0,0,0,7,29,958,0
0,0,0,0,7,30,817,0
0,0,0,0,7,32,28,0
0,0,0,0,7,32,976,0
0,0,0,0,7,33,789,0
0,0,0,0,7,36,151,0
0,0,0,0,7,36,688,0
0,0,0,0,7,41,354,0
0,0,0,0,7,42,453,0
0,0,0,0,7,43,596,0
0,0,0,0,7,44,246,0
0,0,0,0,7,46,589,0
0,0,0,0,7,48,888,0
0,0,0,0,7,56,242,0
0,0,0,0,7,56,982,0
0,0,0,0,7,59,411,0
0,0,0,0,8,0,554,0
0,0,0,0,8,1,800,0
0,0,0,0,8,4,277,0
0,0,0,0,8,6,198,0
0,0,0,0,8,6,845,0
0,0,0,0,8,7,941,0
0,0,0,0,8,8,532,0
0,0,0,0,8,10,387,0
0,0,0,0,8,12,386,0
0,0,0,0,8,12,961,0
0,0,0,0,8,13,851,0
0,0,0,0,8,15,832,0
0,0,0,0,8,16,742,0
0,0,0,0,8,22,908,0
0,0,0,0,8,23,726,0
0,0,0,0,8,24,556,0
0,0,0,0,8,25,390,0
0,0,0,0,8,27,134,0
0,0,0,0,8,28,378,0
0,0,0,0,8,31,914,0
0,0,0,0,8,36,951,0
0,0,0,0,8,41,491,0
0,0,0,0,8,44,814,0
0,0,0,0,8,46,36,0
0,0,0,0,8,46,982,0
0,0,0,0,8,48,108,0
0,0,0,0,8,48,866,0
0,0,0,0,8,49,463,0
0,0,0,0,8,51,782,0
0,0,0,0,8,57,202,0
0,0,0,0,9,0,126,0
0,0,0,0,9,5,548,0
0,0,0,0,9,6,551,0
0,0,0,0,9,7,171,0
0,0,0,0,9,8,865,0
0,0,0,0,9,9,714,0
0,0,0,0,9,10,274,0
0,0,0,0,9,10,274,0
0,0,0,0,9,10,274,0
0,0,0,0,9,10,274,0
0,0,0,0,9,10,274,0
0,0,0,0,9,10,274,0
0,0,0,0,9,10,274,0
0,0,0,0,9,10,274,0
0,0,0,0,9,10,274,0
0,0,0,0,9,10,274,0
0,0,0,0,9,10,274,0
0,0,0,0,9,10,274,0
0,0,0,0,9,10,274,0
0,0,0,0,9,10,274,0
0,0,0,0,9,10,274,0
0,0,0,0,9,10,274,0
0,0,0,0,9,10,274,0
0,0,0,0,9,10,274,0
0,0,0,0,9,10,274,0
0,0,0,0,9,10,274,0
0,0,0,0,9,10,274,0
0,0,0,0,9,10,274,0
0,0,0,0,9,10,274,0
0,0,0,0,9,10,274,0
0,0,0,0,9,10,274,0
0,0,0,0,9,10,274,0
0,0,0,0,9,10,274,0
0,0,0,0,9,10,274,0
0,0,0,0,9,10,274,0
0,0,0,0,9,10,274,0
0,0,0,0,9,10,274,0
0,0,0,0,9,10,274,0
0,0,0,0,9,10,274,0
0,0,0,0,9,10,274,0
0,0,0,0,9,10,274,0
0,0,0,0,9,10,274,0
0,0,0,0,9,10,274,0
0,0,0,0,9,10,274,0
0,0,0,0,10,5,274,0
0,0,0,0,10,7,199,0
0,0,0,0,10,9,37,0
0,0,0,0,10,9,688,0
0,0,0,0,10,11,644,0
0,0,0,0,10,12,443,0
0,0,0,0,10,13,42,0
0,0,0,0,10,13,636,0
0,0,0,0,10,14,381,0
0,0,0,0,10,14,939,0
0,0,0,0,10,15,478,0
0,0,0,0,10,16,108,0
0,0,0,0,10,16,641,0
0,0,0,0,10,18,638,0
0,0,0,0,10,19,609,0
0,0,0,0,10,22,144,0
0,0,0,0,10,22,144,0
0,0,0,0,10,22,144,0
0,0,0,0,10,22,144,0
0,0,0,0,10,22,144,0
0,0,0,0,10,22,144,0
0,0,0,0,10,22,144,0
0,0,0,0,10,22,144,0
0,0,0,0,10,22,144,0
0,0,0,0,10,22,144,0
0,0,0,0,10,31,513,0
0,0,0,0,10,33,552,0
0,0,0,0,10,35,652,0
0,0,0,0,10,37,729,0
0,0,0,0,10,39,81,0
0,0,0,0,10,41,123,0
0,0,0,0,10,43,913,0
0,0,0,0,10,45,129,0
0,0,0,0,10,46,802,0
0,0,0,0,10,48,478,0
0,0,0,0,10,49,74,0
0,0,0,0,10,49,607,0
0,0,0,0,10,50,589,0
0,0,0,0,10,53,255,0
0,0,0,0,10,54,60,0
0,0,0,0,10,55,135,0
0,0,0,0,11,0,29,0
0,0,0,0,11,1,698,0
0,0,0,0,11,3,325,0
0,0,0,0,11,6,575,0
0,0,0,0,11,10,60,0
0,0,0,0,11,12,127,0
0,0,0,0,11,13,374,0
0,0,0,0,11,15,39,0
0,0,0,0,11,15,783,0
0,0,0,0,11,16,753,0
0,0,0,0,11,17,564,0
0,0,0,0,11,18,305,0
0,0,0,0,11,20,924,0
0,0,0,0,11,22,18,0
0,0,0,0,11,22,638,0
0,0,0,0,11,28,161,0
0,0,0,0,11,28,781,0
0,0,0,0,11,29,921,0
0,0,0,0,11,32,698,0
0,0,0,0,11,35,604,0
0,0,0,0,11,36,150,0
0,0,0,0,11,36,827,0
0,0,0,0,11,37,361,0
0,0,0,0,11,38,79,0
0,0,0,0,11,38,841,0
0,0,0,0,11,39,438,0
0,0,0,0,11,40,182,0
0,0,0,0,11,40,744,0
0,0,0,0,11,42,48,0
0,0,0,0,11,43,122,0
0,0,0,0,11,45,194,0
0,0,0,0,11,45,194,0
0,0,0,0,11,45,194,0
0,0,0,0,11,45,194,0
0,0,0,0,11,45,194,0
0,0,0,0,11,45,194,0
0,0,0,0,11,55,29,0
0,0,0,0,11,55,802,0
0,0,0,0,11,57,494,0
0,0,0,0,11,58,313,0
0,0,0,0,11,59,563,0
0,0,0,0,12,0,127,0
0,0,0,0,12,0,869,0
0,0,0,0,12,2,681,0
0,0,0,0,12,3,243,0
0,0,0,0,12,4,18,0
0,0,0,0,12,6,864,0
0,0,0,0,12,7,530,0
0,0,0,0,12,14,162,0
0,0,0,0,12,20,651,0
0,0,0,0,12,23,192,0
0,0,0,0,12,24,262,0
0,0,0,0,12,24,262,0
0,0,0,0,12,24,262,0
0,0,0,0,12,24,262,0
0,0,0,0,12,24,262,0
0,0,0,0,12,24,262,0
0,0,0,0,12,24,262,0
0,0,0,0,12,24,262,0
0,0,0,0,12,24,262,0
0,0,0,0,12,24,262,0
0,0,0,0,12,24,262,0
0,0,0,0,12,24,262,0
0,0,0,0,12,24,262,0
0,0,0,0,12,24,262,0
0,0,0,0,12,24,262,0
0,0,0,0,12,24,262,0
0,0,0,0,12,24,262,0
0,0,0,0,12,24,262,0
0,0,0,0,12,24,262,0
0,0,0,0,12,24,262,0
0,0,0,0,12,24,262,0
0,0,0,0,12,24,262,0
0,0,0,0,12,24,262,0
0,0,0,0,12,24,262,0
0,0,0,0,12,24,262,0
0,0,0,0,12,24,262,0
0,0,0,0,12,24,262,0
0,0,0,0,12,24,262,0
0,0,0,0,12,24,262,0
0,0,0,0,12,24,262,0
0,0,0,0,12,24,262,0
0,0,0,0,12,24,262,0
0,0,0,0,12,24,262,0
0,0,0,0,12,24,262,0
0,0,0,0,12,24,262,0
0,0,0,0,12,24,262,0
0,0,0,0,12,24,262,0
0,0,0,0,12,24,262,0
0,0,0,0,12,24,262,0
0,0,0,0,12,24,262,0
0,0,0,0,12,24,262,0
0,0,0,0,12,24,262,0
0,0,0,0,12,24,262,0
0,0,0,0,12,24,262,0
0,0,0,0,12,24,262,0
0,0,0,0,13,13,863,0
0,0,0,0,13,14,611,0
0,0,0,0,13,16,393,0
0,0,0,0,13,18,611,0
0,0,0,0,13,19,208,0
0,0,0,0,13,19,764,0
0,0,0,0,13,20,422,0
0,0,0,0,13,21,70,0
0,0,0,0,13,22,11,0
0,0,0,0,13,22,785,0
0,0,0,0,13,23,678,0
0,0,0,0,13,24,415,0
0,0,0,0,13,26,458,0
0,0,0,0,13,27,107,0
0,0,0,0,13,28,203,0
0,0,0,0,13,29,60,0
0,0,0,0,13,29,60,0
0,0,0,0,13,29,60,0
0,0,0,0,13,29,60,0
0,0,0,0,13,29,60,0
0,0,0,0,13,29,60,0
0,0,0,0,13,29,60,0
0,0,0,0,13,29,60,0
0,0,0,0,13,29,60,0
0,0,0,0,13,29,60,0
0,0,0,0,13,29,60,0
0,0,0,0,13,29,60,0
0,0,0,0,13,29,60,0
0,0,0,0,13,29,60,0
0,0,0,0,13,42,821,0
0,0,0,0,13,43,713,0
0,0,0,0,13,44,603,0
0,0,0,0,13,46,15,0
0,0,0,0,13,46,673,0
0,0,0,0,13,51,926,0
0,0,0,0,13,56,175,0
0,0,0,0,13,56,888,0
0,0,0,0,13,58,930,0
0,0,0,0,14,3,12,0
0,0,0,0,14,5,437,0
0,0,0,0,14,6,148,0
0,0,0,0,14,7,235,0
0,0,0,0,14,7,801,0
0,0,0,0,14,10,428,0
0,0,0,0,14,10,991,0
0,0,0,0,14,11,555,0
0,0,0,0,14,16,139,0
0,0,0,0,14,17,975,0
0,0,0,0,14,19,453,0
0,0,0,0,14,20,228,0
0,0,0,0,14,20,765,0
0,0,0,0,14,21,334,0
0,0,0,0,14,22,42,0
0,0,0,0,14,22,598,0
0,0,0,0,14,23,776,0
0,0,0,0,14,24,463,0
0,0,0,0,14,25,29,0
0,0,0,0,14,25,29,0
0,0,0,0,14,25,29,0
0,0,0,0,14,25,29,0
0,0,0,0,14,25,29,0
0,0,0,0,14,25,29,0
0,0,0,0,14,25,29,0
0,0,0,0,14,25,29,0
0,0,0,0,14,25,29,0
0,0,0,0,14,33,681,0
0,0,0,0,14,34,421,0
0,0,0,0,14,35,44,0
0,0,0,0,14,39,561,0
0,0,0,0,14,41,919,0
0,0,0,0,14,42,905,0
0,0,0,0,14,46,727,0
0,0,0,0,15,6,224,0
0,0,0,0,15,8,301,0
0,0,0,0,15,23,460,0
0,0,0,0,15,26,576,0
0,0,0,0,15,41,92,0
0,0,0,0,15,41,689,0
0,0,0,0,15,43,285,0
0,0,0,0,15,44,145,0
0,0,0,0,15,44,970,0
0,0,0,0,15,46,417,0
0,0,0,0,15,47,217,0
0,0,0,0,15,47,780,0
0,0,0,0,15,48,790,0
0,0,0,0,15,49,381,0
0,0,0,0,15,50,30,0
0,0,0,0,15,50,591,0
0,0,0,0,15,51,569,0
0,0,0,0,15,52,197,0
0,0,0,0,15,52,727,0
0,0,0,0,15,53,289,0
0,0,0,0,15,53,896,0
0,0,0,0,15,54,720,0
0,0,0,0,15,56,219,0
0,0,0,0,15,57,495,0
0,0,0,0,15,58,304,0
0,0,0,0,15,58,848,0
0,0,0,0,16,0,862,0
0,0,0,0,16,0,862,0
0,0,0,0,16,0,862,0
0,0,0,0,16,0,862,0
0,0,0,0,16,0,862,0
0,0,0,0,16,0,862,0
0,0,0,0,16,0,862,0
0,0,0,0,16,0,862,0
0,0,0,0,16,0,862,0
0,0,0,0,16,14,380,0
0,0,0,0,16,16,777,0
0,0,0,0,16,22,984,0
0,0,0,0,16,26,513,0
0,0,0,0,16,29,265,0
0,0,0,0,16,34,566,0
0,0,0,0,16,45,180,0
0,0,0,0,16,46,364,0
0,0,0,0,16,55,14,0
0,0,0,0,16,59,993,0
0,0,0,0,17,0,627,0
0,0,0,0,17,2,520,0
0,0,0,0,17,3,112,0
0,0,0,0,17,5,216,0
0,0,0,0,17,15,419,0
0,0,0,0,17,16,280,0
0,0,0,0,17,18,940,0
0,0,0,0,17,23,898,0
0,0,0,0,17,28,203,0
0,0,0,0,17,30,420,0
0,0,0,0,17,37,760,0
0,0,0,0,17,40,471,0
0,0,0,0,17,41,278,0
0,0,0,0,17,45,781,0
0,0,0,0,17,46,767,0
0,0,0,0,17,47,384,0
0,0,0,0,17,49,217,0
0,0,0,0,17,53,888,0
0,0,0,0,17,59,867,0
0,0,0,0,18,5,283,0
0,0,0,0,18,5,874,0
0,0,0,0,18,6,613,0
0,0,0,0,18,7,237,0
0,0,0,0,18,7,858,0
0,0,0,0,18,8,427,0
0,0,0,0,18,9,240,0
0,0,0,0,18,9,828,0
0,0,0,0,18,10,423,0
0,0,0,0,18,11,23,0
0,0,0,0,18,11,614,0
0,0,0,0,18,12,339,0
0,0,0,0,18,13,382,0
0,0,0,0,18,13,914,0
0,0,0,0,18,14,660,0
0,0,0,0,18,14,660,0
0,0,0,0,18,14,660,0
0,0,0,0,18,14,660,0
0,0,0,0,18,14,660,0
0,0,0,0,18,14,660,0
0,0,0,0,18,14,660,0
0,0,0,0,18,24,132,0
0,0,0,0,18,25,78,0
0,0,0,0,18,26,271,0
0,0,0,0,18,27,367,0
0,0,0,0,18,33,941,0
0,0,0,0,18,35,774,0
0,0,0,0,18,38,587,0
0,0,0,0,18,40,119,0
0,0,0,0,18,41,6,0
0,0,0,0,18,44,163,0
0,0,0,0,18,46,765,0
0,0,0,0,18,49,144,0
0,0,0,0,18,50,814,0
0,0,0,0,18,51,374,0
0,0,0,0,18,51,993,0
0,0,0,0,18,55,662,0
0,0,0,0,18,56,193,0
0,0,0,0,18,56,963,0
0,0,0,0,18,58,498,0
0,0,0,0,18,59,35,0
0,0,0,0,18,59,695,0
0,0,0,0,19,0,321,0
0,0,0,0,19,0,972,0
0,0,0,0,19,1,651,0
0,0,0,0,19,2,907,0
0,0,0,0,19,3,912,0
0,0,0,0,19,5,7,0
0,0,0,0,19,5,7,0
0,0,0,0,19,5,7,0
0,0,0,0,19,5,7,0
0,0,0,0,19,5,7,0
0,0,0,0,19,5,7,0
0,0,0,0,19,5,7,0
0,0,0,0,19,5,7,0
0,0,0,0,19,5,7,0
0,0,0,0,19,5,7,0
0,0,0,0,19,5,7,0
0,0,0,0,19,5,7,0
0,0,0,0,19,5,7,0
0,0,0,0,19,17,25,0
0,0,0,0,19,17,736,0
0,0,0,0,19,18,277,0
0,0,0,0,19,19,54,0
year,month,day,hour,minute,second,millisecond,detector_mask
0,0,0,10,0,11,593,0
0,0,0,10,0,14,206,0
0,0,0,10,0,22,605,0
0,0,0,10,0,23,439,0
0,0,0,10,0,24,480,0
0,0,0,10,0,25,571,0
0,0,0,10,0,26,235,0
0,0,0,10,0,27,99,0
0,0,0,10,0,28,71,0
0,0,0,10,0,35,601,0
0,0,0,10,0,36,209,0
0,0,0,10,0,37,96,0
0,0,0,10,0,38,5,0
0,0,0,10,0,39,193,0
0,0,0,10,0,39,811,0
0,0,0,10,0,41,733,0
0,0,0,10,0,42,484,0
0,0,0,10,0,43,436,0
0,0,0,10,0,43,436,0
0,0,0,10,0,43,436,0
0,0,0,10,0,43,436,0
0,0,0,10,0,43,436,0
0,0,0,10,0,43,436,0
0,0,0,10,0,43,436,0
0,0,0,10,0,43,436,0
0,0,0,10,0,43,436,0
0,0,0,10,0,43,436,0
0,0,0,10,0,43,436,0
0,0,0,10,0,43,436,0
0,0,0,10,0,43,436,0
0,0,0,10,0,43,436,0
0,0,0,10,0,43,436,0
0,0,0,10,0,43,436,0
0,0,0,10,0,43,436,0
0,0,0,10,0,43,436,0
0,0,0,10,0,43,436,0
0,0,0,10,0,43,436,0
year,month,day,hour,minute,second,millisecond,detector_mask
0,0,0,0,0,13,28,0
0,0,0,0,0,13,552,0
0,0,0,0,0,14,87,0
0,0,0,0,0,15,37,0
0,0,0,0,0,16,310,0
0,0,0,0,0,17,705,0
0,0,0,0,0,19,300,0
0,0,0,0,0,20,315,0
0,0,0,0,0,20,882,0
0,0,0,0,0,21,452,0
0,0,0,0,0,24,802,0
0,0,0,0,0,25,340,0
0,0,0,0,0,26,587,0
0,0,0,0,0,27,403,0
0,0,0,0,0,28,142,0
0,0,0,0,0,28,819,0
0,0,0,0,0,28,819,0
0,0,0,0,0,28,819,0
0,0,0,0,0,28,819,0
0,0,0,0,0,28,819,0
0,0,0,0,0,35,143,0
0,0,0,0,0,36,24,0
0,0,0,0,0,36,967,0
0,0,0,0,0,37,828,0
0,0,0,0,0,39,253,0
0,0,0,0,0,40,409,0
0,0,0,0,0,41,156,0
0,0,0,0,0,42,810,0
0,0,0,0,0,44,149,0
0,0,0,0,0,45,571,0
0,0,0,0,0,46,202,0
0,0,0,0,0,46,993,0
0,0,0,0,0,53,306,0
0,0,0,0,0,55,473,0
0,0,0,0,1,0,218,0
0,0,0,0,1,2,319,0
0,0,0,0,1,3,977,0
0,0,0,0,1,5,694,0
0,0,0,0,1,6,402,0
0,0,0,0,1,7,51,0
0,0,0,0,1,7,942,0
0,0,0,0,1,8,539,0
0,0,0,0,1,9,418,0
0,0,0,0,1,10,303,0
0,0,0,0,1,11,370,0
0,0,0,0,1,11,999,0
0,0,0,0,1,12,537,0
0,0,0,0,1,15,79,0
0,0,0,0,1,16,920,0
year,month,day,hour,minute,second,millisecond,detector_mask
0,0,0,0,0,12,476,0
0,0,0,0,0,13,71,0
0,0,0,0,0,13,993,0
0,0,0,0,0,15,324,0
0,0,0,0,0,16,697,0
0,0,0,0,0,18,115,0
0,0,0,0,0,19,387,0
0,0,0,0,0,19,920,0
0,0,0,0,0,20,870,0
0,0,0,0,0,22,434,0
0,0,0,0,0,24,325,0
0,0,0,0,0,25,99,0
0,0,0,0,0,27,98,0
0,0,0,0,0,28,125,0
0,0,0,0,0,28,979,0
0,0,0,0,0,29,756,0
0,0,0,0,0,29,756,0
0,0,0,0,0,31,383,0
0,0,0,0,0,32,416,0
0,0,0,0,0,33,643,0
0,0,0,0,0,36,510,0
0,0,0,0,0,37,71,0
0,0,0,0,0,37,753,0
0,0,0,0,0,38,347,0
0,0,0,0,0,39,57,0
0,0,0,0,0,39,684,0
0,0,0,0,0,45,198,0
0,0,0,0,0,45,998,0
0,0,0,0,0,46,889,0
0,0,0,0,0,47,647,0
0,0,0,0,0,51,663,0
0,0,0,0,0,52,642,0
0,0,0,0,0,53,440,0
0,0,0,0,0,53,440,0
0,0,0,0,0,53,440,0
0,0,0,0,0,53,440,0
0,0,0,0,0,53,440,0
0,0,0,0,0,53,440,0
0,0,0,0,0,53,440,0
0,0,0,0,0,53,440,0
0,0,0,0,0,53,440,0
0,0,0,0,0,53,440,0
0,0,0,0,0,53,440,0
0,0,0,0,0,53,440,0
0,0,0,0,0,53,440,0
0,0,0,0,0,53,440,0
0,0,0,0,0,53,440,0
0,0,0,0,0,53,440,0
0,0,0,0,0,53,440,0
0,0,0,0,0,53,440,0
0,0,0,0,0,53,440,0
0,0,0,0,0,53,440,0
0,0,0,0,0,53,440,0
0,0,0,0,0,53,440,0
0,0,0,0,1,27,172,0
0,0,0,0,1,30,515,0
0,0,0,0,1,31,85,0
0,0,0,0,1,31,624,0
0,0,0,0,1,32,652,0
0,0,0,0,1,33,482,0
0,0,0,0,1,34,170,0
0,0,0,0,1,34,768,0
0,0,0,0,1,35,477,0
0,0,0,0,1,36,162,0
0,0,0,0,1,39,187,0
0,0,0,0,1,39,911,0
0,0,0,0,1,40,500,0
0,0,0,0,1,41,92,0
0,0,0,0,1,41,624,0
0,0,0,0,1,42,241,0
0,0,0,0,1,42,241,0
0,0,0,0,1,42,241,0
0,0,0,0,1,42,241,0
0,0,0,0,1,42,241,0
0,0,0,0,1,42,241,0
0,0,0,0,1,42,241,0
0,0,0,0,1,42,241,0
0,0,0,0,1,42,241,0
0,0,0,0,1,42,241,0
0,0,0,0,1,52,375,0
0,0,0,0,1,53,33,0
0,0,0,0,1,54,512,0
0,0,0,0,1,56,107,0
0,0,0,0,1,56,823,0
0,0,0,0,1,57,709,0
0,0,0,0,1,59,42,0
0,0,0,0,2,0,703,0
0,0,0,0,2,6,156,0
0,0,0,0,2,7,924,0
0,0,0,0,2,11,662,0
0,0,0,0,2,15,272,0
0,0,0,0,2,17,579,0
0,0,0,0,2,18,150,0
0,0,0,0,2,18,774,0
0,0,0,0,2,19,960,0
0,0,0,0,2,20,821,0
0,0,0,0,2,21,358,0
0,0,0,0,2,22,38,0
0,0,0,0,2,28,854,0
0,0,0,0,2,30,107,0
0,0,0,0,2,31,934,0
0,0,0,0,2,33,263,0
0,0,0,0,2,33,855,0
0,0,0,0,2,34,592,0
0,0,0,0,2,35,979,0
0,0,0,0,2,37,73,0
0,0,0,0,2,37,718,0
0,0,0,0,2,38,548,0
0,0,0,0,2,38,548,0
0,0,0,0,2,38,548,0
0,0,0,0,2,38,548,0
0,0,0,0,2,38,548,0
0,0,0,0,2,50,696,0
0,0,0,0,2,51,316,0
0,0,0,0,2,52,152,0
0,0,0,0,2,52,832,0
0,0,0,0,2,53,620,0
0,0,0,0,2,54,357,0
0,0,0,0,2,59,499,0
0,0,0,0,3,1,9,0
0,0,0,0,3,1,583,0
0,0,0,0,3,2,118,0
0,0,0,0,3,3,790,0
0,0,0,0,3,4,412,0
0,0,0,0,3,7,272,0
0,0,0,0,3,10,515,0
0,0,0,0,3,11,79,0
0,0,0,0,3,11,881,0
0,0,0,0,3,12,546,0
0,0,0,0,3,13,675,0
0,0,0,0,3,14,669,0
0,0,0,0,3,15,400,0
0,0,0,0,3,16,136,0
0,0,0,0,3,19,93,0
0,0,0,0,3,21,285,0
0,0,0,0,3,21,963,0
0,0,0,0,3,22,702,0
0,0,0,0,3,23,303,0
0,0,0,0,3,23,832,0
0,0,0,0,3,25,131,0
0,0,0,0,3,25,700,0
0,0,0,0,3,26,381,0
0,0,0,0,3,27,507,0
0,0,0,0,3,27,507,0
0,0,0,0,3,27,507,0
0,0,0,0,3,27,507,0
0,0,0,0,3,27,507,0
0,0,0,0,3,27,507,0
0,0,0,0,3,27,507,0
0,0,0,0,3,27,507,0
0,0,0,0,3,27,507,0
0,0,0,0,3,27,507,0
0,0,0,0,3,27,507,0
0,0,0,0,3,27,507,0
0,0,0,0,3,27,507,0
0,0,0,0,3,27,507,0
0,0,0,0,3,27,507,0
0,0,0,0,3,27,507,0
0,0,0,0,3,27,507,0
0,0,0,0,3,27,507,0
0,0,0,0,3,27,507,0
0,0,0,0,3,27,507,0
0,0,0,0,3,27,507,0
0,0,0,0,3,27,507,0
0,0,0,0,3,27,507,0
0,0,0,0,3,27,507,0
0,0,0,0,3,27,507,0
0,0,0,0,3,27,507,0
0,0,0,0,3,27,507,0
0,0,0,0,3,27,507,0
0,0,0,0,3,27,507,0
0,0,0,0,3,27,507,0
0,0,0,0,3,27,507,0
0,0,0,0,3,27,507,0
0,0,0,0,3,27,507,0
0,0,0,0,3,27,507,0
0,0,0,0,3,27,507,0
0,0,0,0,3,27,507,0
0,0,0,0,3,27,507,0
0,0,0,0,3,27,507,0
0,0,0,0,3,27,507,0
0,0,0,0,3,27,507,0
0,0,0,0,3,27,507,0
0,0,0,0,3,27,507,0
0,0,0,0,3,27,507,0
0,0,0,0,3,27,507,0
0,0,0,0,3,27,507,0
0,0,0,0,3,27,507,0
0,0,0,0,3,27,507,0
0,0,0,0,3,27,507,0
0,0,0,0,3,27,507,0
0,0,0,0,3,27,507,0
0,0,0,0,3,27,507,0
0,0,0,0,3,27,507,0
0,0,0,0,4,40,190,0
0,0,0,0,4,41,648,0
0,0,0,0,4,42,189,0
0,0,0,0,4,42,809,0
0,0,0,0,4,43,467,0
0,0,0,0,4,44,36,0
0,0,0,0,4,44,567,0
0,0,0,0,4,45,307,0
0,0,0,0,4,45,839,0
0,0,0,0,4,46,462,0
0,0,0,0,4,47,89,0
0,0,0,0,4,47,859,0
0,0,0,0,4,49,12,0
0,0,0,0,4,52,308,0
0,0,0,0,4,53,82,0
0,0,0,0,4,53,640,0
0,0,0,0,4,53,640,0
0,0,0,0,4,53,640,0
0,0,0,0,4,53,640,0
0,0,0,0,4,53,640,0
0,0,0,0,4,53,640,0
0,0,0,0,4,53,640,0
0,0,0,0,4,53,640,0
0,0,0,0,4,53,640,0
0,0,0,0,4,53,640,0
0,0,0,0,4,53,640,0
0,0,0,0,4,53,640,0
0,0,0,0,4,53,640,0
0,0,0,0,4,53,640,0
0,0,0,0,4,53,640,0
0,0,0,0,4,53,640,0
0,0,0,0,4,53,640,0
0,0,0,0,4,53,640,0
0,0,0,0,5,29,971,0
0,0,0,0,5,30,779,0
0,0,0,0,5,31,547,0
0,0,0,0,5,32,109,0
0,0,0,0,5,34,189,0
0,0,0,0,5,34,747,0
0,0,0,0,5,35,334,0
0,0,0,0,5,36,14,0
0,0,0,0,5,36,634,0
0,0,0,0,5,37,195,0
0,0,0,0,5,38,286,0
0,0,0,0,5,38,913,0
0,0,0,0,5,39,475,0
0,0,0,0,5,40,77,0
0,0,0,0,5,40,617,0
0,0,0,0,5,41,178,0
0,0,0,0,5,41,178,0
0,0,0,0,5,41,178,0
0,0,0,0,5,41,178,0
0,0,0,0,5,41,178,0
0,0,0,0,5,41,178,0
0,0,0,0,5,41,178,0
0,0,0,0,5,41,178,0
0,0,0,0,5,41,178,0
0,0,0,0,5,41,178,0
0,0,0,0,5,41,178,0
0,0,0,0,5,41,178,0
0,0,0,0,5,41,178,0
0,0,0,0,5,41,178,0
0,0,0,0,5,41,178,0
0,0,0,0,5,41,178,0
0,0,0,0,5,41,178,0
0,0,0,0,5,41,178,0
0,0,0,0,5,41,178,0
0,0,0,0,5,41,178,0
0,0,0,0,5,55,760,0
0,0,0,0,5,56,351,0
0,0,0,0,5,56,920,0
0,0,0,0,5,57,784,0
0,0,0,0,5,59,170,0
0,0,0,0,6,1,386,0
0,0,0,0,6,2,875,0
0,0,0,0,6,3,462,0
0,0,0,0,6,7,80,0
0,0,0,0,6,7,999,0
0,0,0,0,6,9,179,0
0,0,0,0,6,10,805,0
0,0,0,0,6,11,731,0
0,0,0,0,6,15,111,0
0,0,0,0,6,15,702,0
0,0,0,0,6,16,417,0
0,0,0,0,6,16,417,0
0,0,0,0,6,16,417,0
0,0,0,0,6,16,417,0
0,0,0,0,6,16,417,0
0,0,0,0,6,16,417,0
0,0,0,0,6,21,115,0
0,0,0,0,6,21,761,0
0,0,0,0,6,22,744,0
0,0,0,0,6,23,492,0
0,0,0,0,6,24,297,0
0,0,0,0,6,24,833,0
0,0,0,0,6,25,429,0
0,0,0,0,6,25,963,0
0,0,0,0,6,26,521,0
0,0,0,0,6,27,708,0
0,0,0,0,6,28,359,0
0,0,0,0,6,29,193,0
0,0,0,0,6,33,805,0
0,0,0,0,6,35,138,0
0,0,0,0,6,36,119,0
0,0,0,0,6,37,392,0
0,0,0,0,6,37,392,0
0,0,0,0,6,37,392,0
0,0,0,0,6,37,392,0
0,0,0,0,6,37,392,0
0,0,0,0,6,37,392,0
0,0,0,0,6,37,392,0
0,0,0,0,6,37,392,0
0,0,0,0,6,37,392,0
0,0,0,0,6,37,392,0
0,0,0,0,6,46,637,0
0,0,0,0,6,47,325,0
0,0,0,0,6,53,706,0
0,0,0,0,6,54,538,0
0,0,0,0,6,56,224,0
0,0,0,0,6,57,854,0
0,0,0,0,6,58,777,0
0,0,0,0,6,59,369,0
0,0,0,0,7,0,15,0
0,0,0,0,7,0,673,0
0,0,0,0,7,1,508,0
0,0,0,0,7,3,371,0
0,0,0,0,7,5,470,0
0,0,0,0,7,6,743,0
0,0,0,0,7,7,513,0
0,0,0,0,7,8,74,0
0,0,0,0,7,8,74,0
0,0,0,0,7,8,74,0
0,0,0,0,7,8,74,0
0,0,0,0,7,12,357,0
0,0,0,0,7,12,979,0
0,0,0,0,7,14,614,0
0,0,0,0,7,15,182,0
0,0,0,0,7,15,832,0
0,0,0,0,7,17,663,0
0,0,0,0,7,18,760,0
0,0,0,0,7,19,341,0
0,0,0,0,7,22,185,0
0,0,0,0,7,23,904,0
0,0,0,0,7,24,840,0
0,0,0,0,7,25,476,0
0,0,0,0,7,26,7,0
0,0,0,0,7,26,813,0
0,0,0,0,7,27,863,0
0,0,0,0,7,28,455,0
0,0,0,0,7,28,455,0
0,0,0,0,7,28,455,0
0,0,0,0,7,28,455,0
0,0,0,0,7,28,455,0
0,0,0,0,7,28,455,0
0,0,0,0,7,28,455,0
0,0,0,0,7,28,455,0
0,0,0,0,7,28,455,0
0,0,0,0,7,28,455,0
0,0,0,0,7,28,455,0
0,0,0,0,7,28,455,0
0,0,0,0,7,28,455,0
0,0,0,0,7,28,455,0
0,0,0,0,7,28,455,0
0,0,0,0,7,28,455,0
0,0,0,0,7,28,455,0
0,0,0,0,7,28,455,0
0,0,0,0,7,28,455,0
0,0,0,0,7,28,455,0
0,0,0,0,7,28,455,0
0,0,0,0,7,28,455,0
0,0,0,0,7,28,455,0
0,0,0,0,7,28,455,0
0,0,0,0,7,28,455,0
0,0,0,0,7,28,455,0
0,0,0,0,7,28,455,0
0,0,0,0,7,28,455,0
0,0,0,0,8,7,546,0
0,0,0,0,8,8,804,0
0,0,0,0,8,10,407,0
0,0,0,0,8,11,55,0
0,0,0,0,8,11,707,0
0,0,0,0,8,12,626,0
0,0,0,0,8,13,366,0
0,0,0,0,8,14,163,0
0,0,0,0,8,14,783,0
0,0,0,0,8,15,754,0
0,0,0,0,8,16,469,0
0,0,0,0,8,17,297,0
0,0,0,0,8,18,35,0
0,0,0,0,8,21,761,0
0,0,0,0,8,24,340,0
0,0,0,0,8,24,959,0
0,0,0,0,8,24,959,0
0,0,0,0,8,24,959,0
0,0,0,0,8,24,959,0
0,0,0,0,8,24,959,0
0,0,0,0,8,24,959,0
0,0,0,0,8,24,959,0
0,0,0,0,8,33,248,0
0,0,0,0,8,34,135,0
0,0,0,0,8,34,737,0
0,0,0,0,8,35,542,0
0,0,0,0,8,36,252,0
0,0,0,0,8,36,816,0
0,0,0,0,8,37,531,0
0,0,0,0,8,38,355,0
0,0,0,0,8,38,961,0
0,0,0,0,8,40,230,0
0,0,0,0,8,41,791,0
0,0,0,0,8,42,323,0
0,0,0,0,8,42,856,0
0,0,0,0,8,46,352,0
0,0,0,0,8,46,916,0
0,0,0,0,8,49,940,0
0,0,0,0,8,49,940,0
0,0,0,0,8,49,940,0
0,0,0,0,8,49,940,0
0,0,0,0,8,49,940,0
0,0,0,0,8,49,940,0
0,0,0,0,8,49,940,0
0,0,0,0,8,49,940,0
0,0,0,0,8,49,940,0
0,0,0,0,9,2,2,0
0,0,0,0,9,2,564,0
0,0,0,0,9,3,309,0
0,0,0,0,9,4,759,0
0,0,0,0,9,5,494,0
0,0,0,0,9,7,547,0
0,0,0,0,9,8,381,0
0,0,0,0,9,9,868,0
0,0,0,0,9,11,916,0
0,0,0,0,9,13,542,0
0,0,0,0,9,15,822,0
0,0,0,0,9,17,596,0
0,0,0,0,9,18,223,0
0,0,0,0,9,19,78,0
0,0,0,0,9,19,667,0
0,0,0,0,9,20,260,0
0,0,0,0,9,20,260,0
0,0,0,0,9,20,260,0
0,0,0,0,9,20,260,0
0,0,0,0,9,20,260,0
0,0,0,0,9,20,260,0
0,0,0,0,9,20,260,0
0,0,0,0,9,31,987,0
0,0,0,0,9,32,904,0
0,0,0,0,9,33,496,0
0,0,0,0,9,34,154,0
0,0,0,0,9,34,716,0
0,0,0,0,9,35,398,0
0,0,0,0,9,36,145,0
0,0,0,0,9,36,737,0
0,0,0,0,9,37,395,0
0,0,0,0,9,38,312,0
0,0,0,0,9,39,558,0
0,0,0,0,9,41,394,0
0,0,0,0,9,42,204,0
0,0,0,0,9,43,131,0
0,0,0,0,9,45,677,0
0,0,0,0,9,46,336,0
0,0,0,0,9,46,336,0
0,0,0,0,9,46,336,0
0,0,0,0,9,46,336,0
0,0,0,0,9,46,336,0
0,0,0,0,9,46,336,0
0,0,0,0,9,46,336,0
0,0,0,0,9,46,336,0
0,0,0,0,9,46,336,0
0,0,0,0,9,46,336,0
0,0,0,0,9,46,336,0
0,0,0,0,9,46,336,0
0,0,0,0,9,46,336,0
0,0,0,0,9,46,336,0
0,0,0,0,9,46,336,0
0,0,0,0,9,46,336,0
0,0,0,0,9,46,336,0
0,0,0,0,9,46,336,0
0,0,0,0,9,46,336,0
0,0,0,0,9,46,336,0
0,0,0,0,9,46,336,0
0,0,0,0,9,46,336,0
0,0,0,0,9,46,336,0
0,0,0,0,9,46,336,0
0,0,0,0,9,46,336,0
0,0,0,0,10,53,431,0
0,0,0,0,10,54,143,0
0,0,0,0,10,54,981,0
0,0,0,0,10,55,512,0
0,0,0,0,10,56,167,0
0,0,0,0,10,56,860,0
0,0,0,0,10,57,455,0
0,0,0,0,10,58,26,0
0,0,0,0,10,58,946,0
0,0,0,0,10,59,810,0
0,0,0,0,11,1,796,0
0,0,0,0,11,2,587,0
0,0,0,0,11,3,722,0
0,0,0,0,11,4,550,0
0,0,0,0,11,5,353,0
0,0,0,0,11,10,118,0
0,0,0,0,11,10,118,0
0,0,0,0,11,10,118,0
0,0,0,0,11,10,118,0
0,0,0,0,11,10,118,0
0,0,0,0,11,10,118,0
0,0,0,0,11,10,118,0
0,0,0,0,11,10,118,0
0,0,0,0,11,10,118,0
0,0,0,0,11,10,118,0
0,0,0,0,11,10,118,0
0,0,0,0,11,10,118,0
0,0,0,0,11,10,118,0
0,0,0,0,11,10,118,0
0,0,0,0,11,10,118,0
0,0,0,0,11,10,118,0
0,0,0,0,11,10,118,0
0,0,0,0,11,10,118,0
0,0,0,0,11,10,118,0
0,0,0,0,11,10,118,0
0,0,0,0,11,10,118,0
0,0,0,0,11,10,118,0
year,month,day,hour,minute,second,millisecond,detector_mask
0,0,0,0,0,21,358,0
0,0,0,0,0,21,987,0
0,0,0,0,0,22,573,0
0,0,0,0,0,23,555,0
0,0,0,0,0,26,666,0
0,0,0,0,0,27,285,0
0,0,0,0,0,27,937,0
0,0,0,0,0,28,770,0
0,0,0,0,0,34,178,0
0,0,0,0,0,35,101,0
0,0,0,0,0,35,727,0
0,0,0,0,0,36,521,0
0,0,0,0,0,38,325,0
0,0,0,0,0,40,777,0
0,0,0,0,0,44,53,0
0,0,0,0,0,49,900,0
0,0,0,0,0,50,466,0
0,0,0,0,0,52,479,0
0,0,0,0,0,53,98,0
0,0,0,0,0,53,821,0
0,0,0,0,0,54,353,0
0,0,0,0,0,55,176,0
0,0,0,0,0,56,445,0
0,0,0,0,0,57,95,0
0,0,0,0,0,57,746,0
0,0,0,0,0,59,40,0
0,0,0,0,0,59,769,0
0,0,0,0,1,0,357,0
0,0,0,0,1,1,457,0
0,0,0,0,1,2,873,0
0,0,0,0,1,3,454,0
0,0,0,0,1,4,709,0
0,0,0,0,1,7,559,0
0,0,0,0,1,10,600,0
0,0,0,0,1,12,607,0
0,0,0,0,1,13,205,0
0,0,0,0,1,13,970,0
0,0,0,0,1,14,922,0
0,0,0,0,1,15,512,0
0,0,0,0,1,16,428,0
0,0,0,0,1,17,230,0
0,0,0,0,1,17,912,0
0,0,0,0,1,19,184,0
0,0,0,0,1,22,125,0
0,0,0,0,1,22,809,0
0,0,0,0,1,23,421,0
0,0,0,0,1,35,209,0
0,0,0,0,1,37,21,0
0,0,0,0,1,48,810,0
0,0,0,0,1,50,54,0
0,0,0,0,1,50,722,0
0,0,0,0,1,53,442,0
0,0,0,0,1,54,9,0
0,0,0,0,1,54,542,0
0,0,0,0,1,56,530,0
0,0,0,0,1,58,330,0
0,0,0,0,1,59,489,0
0,0,0,0,2,0,935,0
0,0,0,0,2,2,863,0
0,0,0,0,2,4,726,0
0,0,0,0,2,6,149,0
0,0,0,0,2,10,35,0
0,0,0,0,2,11,68,0
0,0,0,0,2,12,555,0
0,0,0,0,2,16,128,0
0,0,0,0,2,20,472,0
0,0,0,0,2,21,421,0
0,0,0,0,2,21,983,0
0,0,0,0,2,22,811,0
0,0,0,0,2,23,928,0
0,0,0,0,2,24,848,0
0,0,0,0,2,25,652,0
0,0,0,0,2,27,184,0
0,0,0,0,2,27,721,0
0,0,0,0,2,28,396,0
0,0,0,0,2,29,202,0
0,0,0,0,2,30,3,0
0,0,0,0,2,30,560,0
0,0,0,0,2,31,178,0
0,0,0,0,2,33,549,0
0,0,0,0,2,34,75,0
0,0,0,0,2,34,728,0
0,0,0,0,2,35,380,0
0,0,0,0,2,36,803,0
0,0,0,0,2,37,669,0
0,0,0,0,2,39,412,0
0,0,0,0,2,40,9,0
0,0,0,0,2,40,874,0
0,0,0,0,2,42,293,0
0,0,0,0,2,42,948,0
0,0,0,0,2,43,640,0
0,0,0,0,2,44,203,0
0,0,0,0,2,44,739,0
0,0,0,0,2,45,447,0
0,0,0,0,2,46,935,0
0,0,0,0,2,49,833,0
0,0,0,0,2,50,686,0
0,0,0,0,2,54,249,0
0,0,0,0,2,57,474,0
0,0,0,0,2,58,865,0
0,0,0,0,3,0,347,0
0,0,0,0,3,1,320,0
0,0,0,0,3,2,70,0
0,0,0,0,3,2,719,0
0,0,0,0,3,3,260,0
0,0,0,0,3,3,795,0
0,0,0,0,3,4,483,0
0,0,0,0,3,5,110,0
0,0,0,0,3,6,646,0
0,0,0,0,3,7,299,0
0,0,0,0,3,7,896,0
0,0,0,0,3,9,286,0
0,0,0,0,3,9,975,0
0,0,0,0,3,10,592,0
0,0,0,0,3,11,219,0
0,0,0,0,3,12,202,0
0,0,0,0,3,15,479,0
0,0,0,0,3,18,165,0
0,0,0,0,3,21,85,0
0,0,0,0,3,22,126,0
0,0,0,0,3,23,274,0
0,0,0,0,3,29,120,0
0,0,0,0,3,29,651,0
0,0,0,0,3,39,587,0
0,0,0,0,3,42,790,0
0,0,0,0,3,43,425,0
0,0,0,0,3,44,16,0
0,0,0,0,3,44,607,0
0,0,0,0,3,45,219,0
0,0,0,0,3,45,776,0
0,0,0,0,3,46,836,0
0,0,0,0,3,47,435,0
0,0,0,0,3,48,22,0
0,0,0,0,3,48,767,0
0,0,0,0,3,50,777,0
0,0,0,0,3,51,400,0
0,0,0,0,3,51,991,0
0,0,0,0,3,52,642,0
0,0,0,0,4,0,173,0
0,0,0,0,4,1,517,0
0,0,0,0,4,4,416,0
0,0,0,0,4,5,242,0
0,0,0,0,4,6,873,0
0,0,0,0,4,8,973,0
0,0,0,0,4,10,103,0
0,0,0,0,4,10,932,0
0,0,0,0,4,11,759,0
0,0,0,0,4,12,921,0
0,0,0,0,4,14,575,0
0,0,0,0,4,15,586,0
0,0,0,0,4,17,657,0
0,0,0,0,4,19,202,0
0,0,0,0,4,19,948,0
0,0,0,0,4,21,192,0
0,0,0,0,4,22,621,0
0,0,0,0,4,24,160,0
0,0,0,0,4,25,823,0
0,0,0,0,4,26,650,0
0,0,0,0,4,27,476,0
0,0,0,0,4,28,221,0
0,0,0,0,4,29,467,0
0,0,0,0,4,31,128,0
0,0,0,0,4,31,727,0
0,0,0,0,4,32,553,0
0,0,0,0,4,33,382,0
0,0,0,0,4,34,207,0
0,0,0,0,4,35,450,0
0,0,0,0,4,36,279,0
0,0,0,0,4,41,242,0
0,0,0,0,4,42,69,0
0,0,0,0,4,52,408,0
0,0,0,0,4,53,268,0
0,0,0,0,4,53,959,0
0,0,0,0,4,54,490,0
0,0,0,0,4,55,201,0
0,0,0,0,4,56,562,0
0,0,0,0,4,57,387,0
0,0,0,0,4,58,124,0
0,0,0,0,4,58,926,0
0,0,0,0,4,59,870,0
0,0,0,0,5,0,529,0
0,0,0,0,5,1,336,0
0,0,0,0,5,1,944,0
0,0,0,0,5,2,645,0
0,0,0,0,5,3,685,0
0,0,0,0,5,4,719,0
0,0,0,0,5,5,465,0
0,0,0,0,5,6,476,0
0,0,0,0,5,8,416,0
0,0,0,0,5,10,847,0
0,0,0,0,5,12,501,0
0,0,0,0,5,14,577,0
0,0,0,0,5,15,911,0
0,0,0,0,5,17,139,0
0,0,0,0,5,18,793,0
0,0,0,0,5,20,551,0
0,0,0,0,5,21,613,0
0,0,0,0,5,23,344,0
0,0,0,0,5,24,81,0
0,0,0,0,5,27,589,0
0,0,0,0,5,29,152,0
0,0,0,0,5,29,961,0
0,0,0,0,5,31,294,0
0,0,0,0,5,32,362,0
0,0,0,0,5,38,185,0
0,0,0,0,5,38,993,0
0,0,0,0,5,40,141,0
0,0,0,0,5,40,853,0
0,0,0,0,5,42,440,0
0,0,0,0,5,43,508,0
0,0,0,0,5,44,70,0
0,0,0,0,5,45,24,0
0,0,0,0,5,46,147,0
0,0,0,0,5,46,921,0
0,0,0,0,5,47,585,0
0,0,0,0,5,48,180,0
0,0,0,0,5,48,751,0
0,0,0,0,5,49,598,0
0,0,0,0,5,50,806,0
0,0,0,0,5,51,925,0
0,0,0,0,5,52,636,0
0,0,0,0,5,53,227,0
0,0,0,0,5,53,822,0
0,0,0,0,5,54,382,0
0,0,0,0,5,55,63,0
0,0,0,0,5,55,600,0
0,0,0,0,5,56,455,0
0,0,0,0,5,57,315,0
0,0,0,0,5,57,915,0
0,0,0,0,5,58,590,0
0,0,0,0,5,59,210,0
0,0,0,0,5,59,898,0
0,0,0,0,6,0,437,0
0,0,0,0,6,0,974,0
0,0,0,0,6,2,102,0
0,0,0,0,6,3,491,0
0,0,0,0,6,4,85,0
0,0,0,0,6,4,616,0
0,0,0,0,6,5,220,0
0,0,0,0,6,5,847,0
0,0,0,0,6,6,408,0
0,0,0,0,6,6,949,0
0,0,0,0,6,7,984,0
0,0,0,0,6,8,609,0
0,0,0,0,6,9,200,0
0,0,0,0,6,9,777,0
0,0,0,0,6,10,424,0
0,0,0,0,6,11,286,0
0,0,0,0,6,12,179,0
0,0,0,0,6,12,839,0
0,0,0,0,6,13,487,0
0,0,0,0,6,14,709,0
0,0,0,0,6,16,246,0
0,0,0,0,6,17,237,0
0,0,0,0,6,18,5,0
0,0,0,0,6,18,895,0
0,0,0,0,6,19,631,0
0,0,0,0,6,21,695,0
0,0,0,0,6,22,323,0
0,0,0,0,6,23,101,0
0,0,0,0,6,23,660,0
0,0,0,0,6,24,632,0
0,0,0,0,6,25,254,0
0,0,0,0,6,25,822,0
0,0,0,0,6,26,505,0
0,0,0,0,6,27,162,0
0,0,0,0,6,29,291,0
0,0,0,0,6,30,9,0
0,0,0,0,6,30,600,0
0,0,0,0,6,31,305,0
0,0,0,0,6,32,106,0
0,0,0,0,6,33,881,0
0,0,0,0,6,39,79,0
0,0,0,0,6,40,416,0
0,0,0,0,6,40,980,0
0,0,0,0,6,41,573,0
0,0,0,0,6,42,294,0
0,0,0,0,6,42,883,0
0,0,0,0,6,43,565,0
0,0,0,0,6,44,257,0
0,0,0,0,6,44,790,0
0,0,0,0,6,48,121,0
0,0,0,0,6,51,11,0
0,0,0,0,6,52,19,0
0,0,0,0,6,52,591,0
0,0,0,0,6,53,165,0
0,0,0,0,6,54,375,0
0,0,0,0,7,9,560,0
0,0,0,0,7,10,365,0
0,0,0,0,7,15,314,0
0,0,0,0,7,16,19,0
0,0,0,0,7,18,858,0
0,0,0,0,7,20,959,0
0,0,0,0,7,21,675,0
0,0,0,0,7,23,870,0
0,0,0,0,7,26,350,0
0,0,0,0,7,26,973,0
0,0,0,0,7,27,576,0
0,0,0,0,7,33,669,0
0,0,0,0,7,34,260,0
0,0,0,0,7,38,139,0
0,0,0,0,7,38,737,0
0,0,0,0,8,4,922,0
0,0,0,0,8,12,926,0
0,0,0,0,8,24,891,0
0,0,0,0,9,13,679,0
0,0,0,0,9,23,350,0
0,0,0,0,9,25,365,0
0,0,0,0,9,33,446,0
0,0,0,0,9,34,380,0
0,0,0,0,9,35,383,0
0,0,0,0,9,36,275,0
0,0,0,0,9,37,16,0
0,0,0,0,9,38,998,0
0,0,0,0,9,39,878,0
0,0,0,0,9,40,584,0
0,0,0,0,9,41,390,0
0,0,0,0,9,42,573,0
0,0,0,0,9,46,254,0
0,0,0,0,9,47,165,0
0,0,0,0,9,52,194,0
0,0,0,0,9,52,941,0
0,0,0,0,9,53,501,0
0,0,0,0,9,54,242,0
0,0,0,0,9,58,196,0
0,0,0,0,10,1,716,0
0,0,0,0,10,17,201,0
year,month,day,hour,minute,second,millisecond,detector_mask
year,month,day,hour,minute,second,millisecond,detector_mask
year,month,day,hour,minute,second,millisecond,detector_mask
year,month,day,hour,minute,second,millisecond,detector_mask
year,month,day,hour,minute,second,millisecond,detector_mask
year,month,day,hour,minute,second,millisecond,detector_mask
