timestamp [ms],,temperature [C],pressure [Pa], altitude [m] ,pm2_5 [microg/m3],pm10_0 [microg/m3]
2521583,2521.583,24.05,81261.94,1256.1,3,3
2521614,2521.614,14.49,87119.9,1256.28,3,3
2521640,2521.64,14.49,87117.98,1256.28,3,3
2521666,2521.666,14.51,87117.93,1256.37,3,3
2521692,2521.692,14.52,87117.02,1256.21,3,3
2521718,2521.718,14.54,87118.69,1256.44,3,3
2521744,2521.744,14.55,87116.27,1256.66,3,3
2521770,2521.77,14.57,87113.97,1256.43,3,3
2521796,2521.796,14.58,87116.38,1256.48,3,3
2521822,2521.822,14.59,87115.91,1256.43,3,3
2521848,2521.848,14.6,87116.41,1256.45,3,3
2521874,2521.874,14.61,87116.16,1256.71,3,3
2521900,2521.9,14.62,87113.38,1256.58,3,3
2521926,2521.926,14.63,87114.85,1256.68,3,3
2521952,2521.952,14.64,87113.75,1256.52,3,3
2521978,2521.978,14.64,87115.48,1256.49,3,3
2522004,2522.004,14.65,87115.7,1256.72,3,3
2522030,2522.03,14.65,87113.33,1256.84,3,3
2522056,2522.056,14.66,87112,1256.65,3,3
2522082,2522.082,14.66,87114.01,1256.52,3,3
2522108,2522.108,14.66,87115.45,1256.53,3,3
2522134,2522.134,14.67,87115.34,1256.75,3,3
2522159,2522.159,14.67,87112.96,1256.74,3,3
2522185,2522.185,14.67,87113.11,1256.82,3,3
2522211,2522.211,14.67,87112.27,1256.75,3,3
2522237,2522.237,14.67,87112.96,1256.84,3,3
2522263,2522.263,14.68,87112.08,1256.61,3,3
2522289,2522.289,14.68,87114.44,1256.8,3,3
2522315,2522.315,14.68,87112.45,1256.8,3,3
2522341,2522.341,14.68,87112.45,1256.76,3,3
2522367,2522.367,14.68,87112.92,1256.78,3,3
2522393,2522.393,14.68,87112.67,1256.66,3,3
2522419,2522.419,14.69,87113.91,1256.49,3,3
2522445,2522.445,14.69,87115.73,1256.8,3,3
2522471,2522.471,14.69,87112.48,1256.57,3,3
2522497,2522.497,14.69,87114.95,1257.02,3,3
2522523,2522.523,14.69,87110.1,1256.81,3,3
2522549,2522.549,14.69,87112.36,1256.91,3,3
2522589,2522.589,14.69,87112.75,1256.77,3,3
2522615,2522.615,14.69,87110.06,1257.03,3,3
2522641,2522.641,14.69,87112.33,1256.81,3,3
2522667,2522.667,14.7,87112.71,1256.78,3,3
2522693,2522.693,14.7,87113.05,1256.74,3,3
2522719,2522.719,14.7,87114.46,1256.61,3,3
2522745,2522.745,14.7,87112.49,1256.8,3,3
2522771,2522.771,14.7,87113.97,1256.66,3,3
2522797,2522.797,14.7,87112.54,1256.79,3,3
2522823,2522.823,14.7,87109.52,1257.08,3,3
2522849,2522.849,14.7,87112.05,1256.84,3,3
2522874,2522.874,14.7,87109.86,1257.04,3,3
2522900,2522.9,14.71,87112.41,1256.8,3,3
2522926,2522.926,14.71,87108.22,1257.2,3,3
2522952,2522.952,14.71,87110.41,1256.99,3,3
2522978,2522.978,14.71,87109.18,1257.11,3,3
2523004,2523.004,14.71,87109.4,1257.09,3,3
2523030,2523.03,14.71,87112.56,1256.79,3,3
2523056,2523.056,14.71,87113.1,1256.74,3,3
2523082,2523.082,14.71,87112.55,1256.79,3,3
2523108,2523.108,14.71,87108.38,1257.18,17,21
2523134,2523.134,14.71,87109.19,1257.11,17,21
2523160,2523.16,14.71,87111.66,1256.87,17,21
2523186,2523.186,14.71,87109.69,1257.06,17,21
2523212,2523.212,14.71,87107.38,1257.28,17,21
2523238,2523.238,14.71,87109.73,1257.06,17,21
2523264,2523.264,14.71,87109.09,1257.12,17,21
2523290,2523.29,14.71,87110.72,1256.96,17,21
2523316,2523.316,14.71,87110.4,1256.99,17,21
2523342,2523.342,14.71,87109.65,1257.06,17,21
2523368,2523.368,14.71,87110.7,1256.97,17,21
2523394,2523.394,14.71,87106,1257.41,17,21
2523420,2523.42,14.71,87110.62,1256.97,17,21
2523446,2523.446,14.71,87107.79,1257.24,17,21
2523472,2523.472,14.71,87110.29,1257,17,21
2523498,2523.498,14.71,87111.55,1256.89,17,21
2523524,2523.524,14.71,87111.36,1256.9,17,21
2523550,2523.55,14.71,87110.58,1256.98,17,21
2523589,2523.589,14.71,87111.32,1256.91,17,21
2523610,2523.61,14.71,87112.12,1256.83,17,21
2523636,2523.636,14.71,87112.02,1256.84,17,21
2523662,2523.662,14.71,87115.13,1256.55,17,21
2523688,2523.688,14.71,87114.45,1256.61,17,21
2523714,2523.714,14.71,87112.62,1256.79,17,21
2523740,2523.74,14.71,87112.61,1256.79,17,21
2523766,2523.766,14.71,87115.05,1256.56,17,21
2523792,2523.792,14.71,87115.55,1256.51,17,21
2523818,2523.818,14.71,87119.42,1256.15,17,21
2523843,2523.843,14.71,87118.22,1256.26,17,21
2523869,2523.869,14.71,87118.12,1256.27,17,21
2523895,2523.895,14.71,87115.12,1256.55,17,21
2523921,2523.921,14.71,87117.48,1256.33,17,21
2523947,2523.947,14.71,87114.33,1256.62,17,21
2523973,2523.973,14.71,87116.2,1256.45,17,21
2523999,2523.999,14.71,87115.41,1256.52,17,21
2524025,2524.025,14.71,87116,1256.47,17,21
2524051,2524.051,14.71,87118.12,1256.27,17,21
2524077,2524.077,14.71,87118.07,1256.27,17,21
2524103,2524.103,14.71,87119.4,1256.15,17,21
2524129,2524.129,14.71,87116.81,1256.39,17,21
2524155,2524.155,14.71,87117.23,1256.35,17,22
2524181,2524.181,14.71,87119.1,1256.17,17,22
2524207,2524.207,14.71,87116.32,1256.44,17,22
2524233,2524.233,14.71,87115.33,1256.53,17,22
2524259,2524.259,14.71,87116.27,1256.44,17,22
2524285,2524.285,14.71,87117.88,1256.29,17,22
2524311,2524.311,14.71,87120.39,1256.05,17,22
2524337,2524.337,14.71,87117.65,1256.31,17,22
2524363,2524.363,14.71,87119.77,1256.11,17,22
2524389,2524.389,14.71,87118.39,1256.24,17,22
2524415,2524.415,14.71,87119.27,1256.16,17,22
2524441,2524.441,14.71,87116.66,1256.41,17,22
2524467,2524.467,14.71,87116.05,1256.46,17,22
2524493,2524.493,14.71,87120.97,1256,17,22
2524518,2524.518,14.71,87119.05,1256.18,17,22
2524544,2524.544,14.71,87121.34,1255.96,17,22
2524570,2524.57,14.72,87119.67,1256.12,17,22
2524610,2524.61,14.72,87119.54,1256.13,17,22
2524631,2524.631,14.72,87119.24,1256.16,17,22
2524656,2524.656,14.71,87116.94,1256.38,17,22
2524682,2524.682,14.71,87120.06,1256.08,17,22
2524708,2524.708,14.71,87120.91,1256,17,22
2524734,2524.734,14.71,87121.92,1255.91,17,22
2524760,2524.76,14.71,87120.76,1256.02,17,22
2524786,2524.786,14.72,87120.24,1256.07,17,22
2524812,2524.812,14.72,87117.62,1256.31,17,22
2524838,2524.838,14.72,87118.21,1256.26,17,22
2524864,2524.864,14.72,87119.06,1256.18,17,22
2524890,2524.89,14.72,87119.6,1256.13,17,22
2524916,2524.916,14.72,87119.16,1256.17,17,22
2524942,2524.942,14.72,87119.81,1256.11,17,22
2524968,2524.968,14.72,87116.71,1256.4,17,22
2524994,2524.994,14.72,87118.99,1256.19,17,22
2525020,2525.02,14.72,87120.27,1256.06,17,22
2525046,2525.046,14.72,87116.04,1256.46,17,22
2525072,2525.072,14.72,87119.64,1256.12,17,22
2525098,2525.098,14.72,87118.48,1256.23,17,22
2525124,2525.124,14.72,87118.19,1256.26,17,22
2525150,2525.15,14.72,87119.33,1256.15,17,22
2525176,2525.176,14.73,87120.38,1256.06,17,21
2525202,2525.202,14.72,87119.84,1256.11,17,21
2525228,2525.228,14.73,87118.52,1256.23,17,21
2525254,2525.254,14.73,87117.65,1256.31,17,21
2525280,2525.28,14.73,87119.21,1256.16,17,21
2525306,2525.306,14.73,87119.05,1256.18,17,21
2525332,2525.332,14.73,87117.81,1256.3,17,21
2525357,2525.357,14.73,87119.82,1256.11,17,21
2525383,2525.383,14.73,87116.75,1256.4,17,21
2525409,2525.409,14.73,87118.16,1256.26,17,21
2525435,2525.435,14.73,87114.73,1256.59,17,21
2525461,2525.461,14.73,87119.41,1256.15,17,21
2525487,2525.487,14.73,87120.05,1256.09,17,21
2525513,2525.513,14.73,87120.29,1256.06,17,21
2525539,2525.539,14.73,87118.68,1256.22,17,21
2525565,2525.565,14.73,87117.95,1256.28,17,21
2525591,2525.591,14.73,87116.47,1256.42,17,21
2525631,2525.631,14.73,87116.66,1256.4,17,21
2525651,2525.651,14.73,87117.71,1256.31,17,21
2525677,2525.677,14.73,87118.94,1256.19,17,21
2525703,2525.703,14.72,87117.92,1256.29,17,21
2525729,2525.729,14.72,87114.75,1256.58,17,21
2525755,2525.755,14.72,87119.89,1256.1,17,21
2525781,2525.781,14.72,87117.1,1256.36,17,21
2525807,2525.807,14.72,87118.96,1256.19,17,21
2525833,2525.833,14.72,87118.96,1256.19,17,21
2525859,2525.859,14.72,87120.24,1256.07,17,21
2525885,2525.885,14.72,87119.59,1256.13,17,21
2525911,2525.911,14.72,87117.95,1256.28,17,21
2525937,2525.937,14.72,87116.13,1256.45,17,21
2525963,2525.963,14.72,87115.72,1256.49,17,21
2525989,2525.989,14.72,87117.41,1256.33,17,21
2526015,2526.015,14.72,87117.65,1256.31,17,21
2526041,2526.041,14.72,87117.45,1256.33,17,21
2526067,2526.067,14.72,87117.87,1256.29,17,21
2526093,2526.093,14.72,87117.92,1256.29,17,21
2526119,2526.119,14.72,87118.49,1256.23,17,21
2526144,2526.144,14.72,87118.09,1256.27,17,21
2526170,2526.17,14.72,87116.91,1256.38,17,21
2526196,2526.196,14.72,87117.36,1256.34,18,23
2526222,2526.222,14.72,87116.91,1256.38,18,23
2526248,2526.248,14.72,87118.48,1256.23,18,23
2526274,2526.274,14.72,87116.88,1256.38,18,23
2526300,2526.3,14.72,87119.63,1256.12,18,23
2526326,2526.326,14.72,87118.1,1256.27,18,23
2526352,2526.352,14.72,87119.13,1256.17,18,23
2526378,2526.378,14.72,87119.73,1256.12,18,23
2526404,2526.404,14.72,87120.9,1256.01,18,23
2526430,2526.43,14.72,87120.45,1256.05,18,23
2526456,2526.456,14.72,87122.99,1255.81,18,23
2526482,2526.482,14.71,87120.45,1256.05,18,23
2526508,2526.508,14.71,87119.73,1256.12,18,23
2526534,2526.534,14.71,87120.52,1256.04,18,23
2526560,2526.56,14.71,87118.55,1256.23,18,23
2526586,2526.586,14.71,87119.91,1256.1,18,23
2526612,2526.612,14.71,87115.91,1256.48,18,23
2526652,2526.652,14.71,87117.78,1256.3,18,23
2526672,2526.672,14.7,87117.8,1256.3,18,23
2526698,2526.698,14.7,87118.66,1256.22,18,23
2526724,2526.724,14.7,87118.03,1256.28,18,23
2526750,2526.75,14.7,87119.05,1256.18,18,23
2526776,2526.776,14.7,87119.91,1256.1,18,23
2526802,2526.802,14.7,87114.74,1256.59,18,23
2526828,2526.828,14.7,87115.6,1256.5,18,23
2526854,2526.854,14.7,87116.15,1256.45,18,23
2526880,2526.88,14.7,87119.44,1256.14,18,23
2526906,2526.906,14.71,87116.42,1256.43,18,23
2526932,2526.932,14.71,87116.8,1256.39,18,23
2526958,2526.958,14.71,87116.02,1256.47,18,23
2526984,2526.984,14.71,87116.04,1256.46,18,23
2527010,2527.01,14.71,87116.53,1256.42,18,23
2527036,2527.036,14.71,87116.55,1256.42,18,23
2527062,2527.062,14.71,87115.24,1256.54,18,23
2527087,2527.087,14.71,87116.56,1256.41,18,23
2527113,2527.113,14.71,87114.33,1256.62,18,23
2527139,2527.139,14.71,87114.7,1256.59,18,23
2527165,2527.165,14.71,87115.32,1256.53,18,23
2527191,2527.191,14.71,87116.08,1256.46,18,23
2527217,2527.217,14.72,87117.16,1256.36,18,23
2527243,2527.243,14.72,87115.64,1256.5,17,22
2527269,2527.269,14.72,87116.08,1256.46,17,22
2527295,2527.295,14.72,87114.22,1256.63,17,22
2527321,2527.321,14.72,87118.4,1256.24,17,22
2527347,2527.347,14.72,87118.52,1256.23,17,22
2527373,2527.373,14.72,87121.13,1255.98,17,22
2527399,2527.399,14.72,87119.72,1256.12,17,22
2527425,2527.425,14.72,87115.83,1256.48,17,22
2527451,2527.451,14.72,87118.19,1256.26,17,22
2527477,2527.477,14.72,87116.43,1256.43,17,22
2527503,2527.503,14.72,87118.88,1256.2,17,22
2527529,2527.529,14.72,87116.81,1256.39,17,22
2527555,2527.555,14.72,87115.63,1256.5,17,22
2527581,2527.581,14.73,87115.58,1256.51,17,22
2527607,2527.607,14.73,87116.36,1256.43,17,22
2527633,2527.633,14.73,87116.91,1256.38,17,22
2527673,2527.673,14.73,87117.66,1256.31,17,22
2527693,2527.693,14.73,87120.5,1256.04,17,22
2527719,2527.719,14.72,87117.99,1256.28,17,22
2527745,2527.745,14.72,87121.56,1255.94,17,22
2527771,2527.771,14.72,87115.04,1256.56,17,22
2527797,2527.797,14.72,87117.59,1256.32,17,22
2527823,2527.823,14.72,87116.69,1256.4,17,22
2527849,2527.849,14.72,87114.95,1256.57,17,22
2527875,2527.875,14.72,87113.89,1256.67,17,22
2527901,2527.901,14.73,87115,1256.56,17,22
2527927,2527.927,14.73,87116.2,1256.45,17,22
2527953,2527.953,14.73,87116.42,1256.43,17,22
2527979,2527.979,14.73,87114.2,1256.64,17,22
2528005,2528.005,14.73,87116.43,1256.43,17,22
2528031,2528.031,14.73,87116.81,1256.39,17,22
2528057,2528.057,14.73,87116.58,1256.41,17,22
2528083,2528.083,14.73,87114.65,1256.59,17,22
2528109,2528.109,14.73,87117.02,1256.37,17,22
2528135,2528.135,14.73,87115.41,1256.52,17,22
2528161,2528.161,14.73,87116.34,1256.44,17,22
2528187,2528.187,14.73,87113.56,1256.7,17,22
2528213,2528.213,14.73,87115.41,1256.52,17,22
2528239,2528.239,14.73,87116.08,1256.46,17,22
2528265,2528.265,14.73,87114.76,1256.58,17,22
2528290,2528.29,14.73,87116.22,1256.45,17,22
2528316,2528.316,14.73,87114.99,1256.56,17,22
2528342,2528.342,14.73,87117.05,1256.37,17,22
2528368,2528.368,14.73,87117.45,1256.33,17,22
2528394,2528.394,14.73,87115.48,1256.52,17,22
2528420,2528.42,14.73,87118.86,1256.2,17,22
2528446,2528.446,14.73,87117.54,1256.32,17,22
2528472,2528.472,14.73,87116.7,1256.4,17,22
2528498,2528.498,14.73,87115.66,1256.5,17,22
2528524,2528.524,14.73,87113.3,1256.72,17,22
2528550,2528.55,14.73,87116.07,1256.46,17,22
2528576,2528.576,14.74,87113.07,1256.74,17,22
2528602,2528.602,14.74,87118.22,1256.26,17,22
2528628,2528.628,14.74,87116.55,1256.42,17,22
2528654,2528.654,14.74,87112.55,1256.79,17,22
2528694,2528.694,14.74,87114.43,1256.62,17,22
2528714,2528.714,14.74,87111.33,1256.91,17,22
2528740,2528.74,14.74,87115.05,1256.56,17,22
2528766,2528.766,14.74,87111.84,1256.86,17,22
2528792,2528.792,14.73,87114.33,1256.62,17,22
2528818,2528.818,14.73,87112.87,1256.76,17,22
2528844,2528.844,14.73,87111.43,1256.9,17,22
2528870,2528.87,14.74,87113.3,1256.72,17,22
2528896,2528.896,14.73,87113.1,1256.74,17,22
2528922,2528.922,14.74,87114.03,1256.65,17,22
2528948,2528.948,14.74,87113.3,1256.72,17,22
2528974,2528.974,14.74,87111.62,1256.88,17,22
2529000,2529,14.74,87109.92,1257.04,17,22
2529026,2529.026,14.74,87110.25,1257.01,17,22
2529052,2529.052,14.74,87112.3,1256.82,17,22
2529078,2529.078,14.74,87110.23,1257.01,17,22
2529104,2529.104,14.74,87109.02,1257.12,17,22
2529130,2529.13,14.74,87108.73,1257.15,17,22
2529156,2529.156,14.74,87107.94,1257.23,17,22
2529182,2529.182,14.74,87106.98,1257.32,17,22
2529208,2529.208,14.74,87109.53,1257.08,17,22
2529234,2529.234,14.74,87107.96,1257.22,17,22
2529260,2529.26,14.74,87107.48,1257.27,17,22
2529286,2529.286,14.74,87107.34,1257.28,16,20
2529312,2529.312,14.74,87108.27,1257.19,16,20
2529338,2529.338,14.74,87109.2,1257.11,16,20
2529364,2529.364,14.74,87111.96,1256.85,16,20
2529390,2529.39,14.74,87108.62,1257.16,16,20
2529416,2529.416,14.74,87112.39,1256.81,16,20
2529442,2529.442,14.74,87108.21,1257.2,16,20
2529468,2529.468,14.74,87109.78,1257.05,16,20
2529494,2529.494,14.74,87107.36,1257.28,16,20
2529520,2529.52,14.74,87110.27,1257.01,16,20
2529546,2529.546,14.74,87108.81,1257.14,16,20
2529572,2529.572,14.74,87107.45,1257.27,16,20
2529598,2529.598,14.74,87108.8,1257.14,16,20
2529624,2529.624,14.74,87109.84,1257.05,16,20
2529650,2529.65,14.74,87111.81,1256.86,16,20
2529676,2529.676,14.74,87112,1256.84,16,20
2529715,2529.715,14.74,87112.81,1256.77,16,20
2529736,2529.736,14.74,87111.78,1256.86,16,20
2529762,2529.762,14.74,87109.69,1257.06,16,20
2529788,2529.788,14.74,87111.38,1256.9,16,20
2529814,2529.814,14.74,87110.05,1257.03,16,20
2529840,2529.84,14.74,87110.23,1257.01,16,20
2529866,2529.866,14.74,87109.15,1257.11,16,20
2529892,2529.892,14.74,87108.19,1257.2,16,20
2529918,2529.918,14.74,87108.96,1257.13,16,20
2529944,2529.944,14.74,87107.65,1257.25,16,20
2529970,2529.97,14.74,87105.88,1257.42,16,20
2529996,2529.996,14.74,87106.25,1257.38,16,20
2530022,2530.022,14.74,87105.2,1257.48,16,20
2530047,2530.047,14.74,87103.41,1257.65,16,20
2530073,2530.073,14.74,87103.48,1257.65,16,20
2530099,2530.099,14.74,87104.15,1257.58,16,20
2530125,2530.125,14.74,87104.03,1257.59,16,20
2530151,2530.151,14.74,87104.5,1257.55,16,20
2530177,2530.177,14.74,87105.67,1257.44,16,20
2530203,2530.203,14.74,87101.34,1257.85,16,20
2530229,2530.229,14.75,87105.19,1257.48,16,20
2530255,2530.255,14.75,87100.95,1257.88,16,20
2530281,2530.281,14.75,87101.57,1257.83,16,20
2530307,2530.307,14.75,87099.45,1258.03,16,20
2530333,2530.333,14.75,87100.98,1257.88,16,20
2530359,2530.359,14.75,87097.06,1258.25,16,20
2530385,2530.385,14.75,87095,1258.44,16,20
2530411,2530.411,14.75,87100.02,1257.97,16,20
2530437,2530.437,14.75,87099.22,1258.05,16,20
2530463,2530.463,14.75,87101.61,1257.82,16,20
2530489,2530.489,14.75,87099.98,1257.97,16,20
2530515,2530.515,14.75,87103.48,1257.64,16,20
2530541,2530.541,14.75,87101.75,1257.81,16,20
2530567,2530.567,14.75,87102.02,1257.78,16,20
2530593,2530.593,14.75,87102.73,1257.72,16,20
2530619,2530.619,14.75,87103.45,1257.65,16,20
2530645,2530.645,14.75,87100.85,1257.89,16,20
2530671,2530.671,14.75,87101.38,1257.84,16,20
2530697,2530.697,14.75,87102.65,1257.72,16,20
2530737,2530.737,14.75,87098.68,1258.1,16,20
2530757,2530.757,14.75,87100.12,1257.96,16,20
2530783,2530.783,14.75,87099.38,1258.03,16,20
2530809,2530.809,14.75,87097.77,1258.18,16,20
2530835,2530.835,14.74,87098.24,1258.14,16,20
2530861,2530.861,14.74,87096.54,1258.3,16,20
2530887,2530.887,14.74,87097.46,1258.21,16,20
2530913,2530.913,14.74,87097.66,1258.19,16,20
2530939,2530.939,14.75,87097.27,1258.23,16,20
2530965,2530.965,14.75,87095.27,1258.42,16,20
2530991,2530.991,14.75,87093.32,1258.6,16,20
2531017,2531.017,14.75,87096.07,1258.34,16,20
2531043,2531.043,14.75,87093.32,1258.6,16,20
2531069,2531.069,14.75,87095.45,1258.4,16,20
2531095,2531.095,14.75,87092.5,1258.68,16,20
2531121,2531.121,14.75,87095.54,1258.39,16,20
2531147,2531.147,14.75,87090.45,1258.87,16,20
2531173,2531.173,14.75,87092.62,1258.67,16,20
2531199,2531.199,14.75,87091.38,1258.78,16,20
2531225,2531.225,14.75,87094.91,1258.45,16,20
2531251,2531.251,14.75,87094.59,1258.48,16,20
2531277,2531.277,14.75,87092.84,1258.65,16,20
2531303,2531.303,14.75,87093.44,1258.59,16,20
2531329,2531.329,14.75,87092.82,1258.65,16,20
2531355,2531.355,14.75,87094.09,1258.53,15,19
2531381,2531.381,14.75,87093.2,1258.61,15,19
2531407,2531.407,14.75,87093.77,1258.56,15,19
2531433,2531.433,14.75,87094.46,1258.49,15,19
2531459,2531.459,14.75,87091.26,1258.8,15,19
2531485,2531.485,14.75,87095.21,1258.42,15,19
2531511,2531.511,14.75,87095.9,1258.36,15,19
2531536,2531.536,14.75,87096.33,1258.32,15,19
2531562,2531.562,14.75,87096.98,1258.26,15,19
2531588,2531.588,14.75,87095.53,1258.39,15,19
2531614,2531.614,14.75,87095.21,1258.42,15,19
2531640,2531.64,14.75,87095.06,1258.44,15,19
2531666,2531.666,14.75,87095.52,1258.39,15,19
2531692,2531.692,14.75,87099.05,1258.06,15,19
2531718,2531.718,14.75,87092.84,1258.65,15,19
2531758,2531.758,14.75,87097.27,1258.23,15,19
2531779,2531.779,14.75,87093.12,1258.62,15,19
2531804,2531.804,14.75,87095.9,1258.36,15,19
2531830,2531.83,14.75,87094.16,1258.52,15,19
2531856,2531.856,14.75,87095.97,1258.35,15,19
2531882,2531.882,14.75,87096.48,1258.3,15,19
2531908,2531.908,14.75,87093.56,1258.58,15,19
2531934,2531.934,14.75,87092.31,1258.7,15,19
2531960,2531.96,14.75,87093.12,1258.62,15,19
2531986,2531.986,14.75,87092.26,1258.7,15,19
2532012,2532.012,14.75,87096.81,1258.27,15,19
2532038,2532.038,14.75,87095.84,1258.36,15,19
2532064,2532.064,14.75,87093.04,1258.63,15,19
2532090,2532.09,14.75,87094.92,1258.45,15,19
2532116,2532.116,14.75,87093.8,1258.56,15,19
2532142,2532.142,14.75,87094.79,1258.46,15,19
2532168,2532.168,14.75,87095.2,1258.42,15,19
2532194,2532.194,14.75,87094.99,1258.44,15,19
2532220,2532.22,14.75,87093.04,1258.63,15,19
2532246,2532.246,14.75,87089.52,1258.96,15,19
2532272,2532.272,14.75,87093.45,1258.59,15,19
2532298,2532.298,14.75,87089.65,1258.95,15,19
2532324,2532.324,14.75,87092.64,1258.67,15,19
2532350,2532.35,14.75,87092.86,1258.64,15,19
2532376,2532.376,14.75,87090.42,1258.87,15,19
2532402,2532.402,14.75,87090.38,1258.88,15,19
2532428,2532.428,14.75,87087.94,1259.11,15,19
2532454,2532.454,14.75,87086.98,1259.2,15,19
2532480,2532.48,14.75,87088.66,1259.04,15,19
2532506,2532.506,14.75,87087.91,1259.11,15,19
2532532,2532.532,14.75,87087.83,1259.12,15,19
2532558,2532.558,14.75,87085.01,1259.38,15,19
2532584,2532.584,14.75,87086.52,1259.24,15,19
2532610,2532.61,14.75,87087.45,1259.15,15,19
2532636,2532.636,14.75,87087.02,1259.19,15,19
2532662,2532.662,14.75,87087.16,1259.18,15,19
2532688,2532.688,14.75,87089.92,1258.92,15,19
2532714,2532.714,14.75,87088.37,1259.07,15,19
2532740,2532.74,14.75,87086.68,1259.23,15,19
2532780,2532.78,14.75,87088.48,1259.06,15,19
2532800,2532.8,14.75,87087.29,1259.17,15,19
2532826,2532.826,14.75,87089.58,1258.95,15,19
2532852,2532.852,14.75,87085.77,1259.31,15,19
2532878,2532.878,14.75,87086.29,1259.26,15,19
2532904,2532.904,14.75,87083.14,1259.56,15,19
2532930,2532.93,14.75,87084.3,1259.45,15,19
2532956,2532.956,14.75,87084.12,1259.47,15,19
2532982,2532.982,14.75,87083.57,1259.52,15,19
2533008,2533.008,14.75,87086.45,1259.25,15,19
2533034,2533.034,14.75,87083.03,1259.57,15,19
2533060,2533.06,14.75,87085.77,1259.31,15,19
2533086,2533.086,14.75,87085.42,1259.34,15,19
2533112,2533.112,14.75,87087.05,1259.19,15,19
2533138,2533.138,14.75,87082.37,1259.63,15,19
2533164,2533.164,14.75,87083.18,1259.56,15,19
2533190,2533.19,14.75,87080.79,1259.78,15,19
2533216,2533.216,14.76,87083.61,1259.51,15,19
2533242,2533.242,14.75,87083.45,1259.53,15,19
2533268,2533.268,14.76,87082.41,1259.63,15,19
2533294,2533.294,14.75,87083.24,1259.55,15,19
2533319,2533.319,14.76,87079.7,1259.88,15,19
2533345,2533.345,14.76,87081.87,1259.68,15,19
2533371,2533.371,14.76,87082.48,1259.62,15,19
2533397,2533.397,14.76,87081.56,1259.71,15,19
2533423,2533.423,14.76,87082.64,1259.61,15,19
2533449,2533.449,14.76,87081.05,1259.76,15,19
2533475,2533.475,14.76,87079.25,1259.93,15,19
2533501,2533.501,14.76,87081.12,1259.75,15,19
2533527,2533.527,14.76,87080.57,1259.8,15,19
2533553,2533.553,14.76,87079.96,1259.86,15,19
2533579,2533.579,14.76,87081.31,1259.73,15,19
2533605,2533.605,14.76,87078.84,1259.96,15,19
2533631,2533.631,14.76,87081.17,1259.74,15,19
2533657,2533.657,14.76,87079.48,1259.9,15,19
2533683,2533.683,14.76,87079.17,1259.93,15,19
2533709,2533.709,14.76,87080.94,1259.77,15,19
2533735,2533.735,14.76,87078.16,1260.03,15,19
2533761,2533.761,14.76,87079.58,1259.89,15,19
2533801,2533.801,14.76,87078.23,1260.02,15,19
2533821,2533.821,14.76,87082.77,1259.59,15,19
2533847,2533.847,14.76,87083.49,1259.53,15,19
2533873,2533.873,14.75,87079.64,1259.89,15,19
2533899,2533.899,14.75,87081.84,1259.68,15,19
2533925,2533.925,14.75,87080.61,1259.8,15,19
2533951,2533.951,14.75,87078.66,1259.98,15,19
2533977,2533.977,14.75,87076.31,1260.2,15,19
2534003,2534.003,14.75,87080.23,1259.83,15,19
2534029,2534.029,14.75,87079.6,1259.89,15,19
2534055,2534.055,14.75,87078.02,1260.04,15,19
2534081,2534.081,14.75,87076.64,1260.17,15,19
2534107,2534.107,14.75,87075.2,1260.31,15,19
2534133,2534.133,14.76,87075.11,1260.32,15,19
2534159,2534.159,14.76,87077.03,1260.13,15,19
2534185,2534.185,14.76,87076.98,1260.14,15,19
2534211,2534.211,14.76,87079.95,1259.86,15,19
2534237,2534.237,14.76,87078.42,1260,15,19
2534263,2534.263,14.76,87078.59,1259.99,15,19
2534289,2534.289,14.76,87077.22,1260.12,15,19
2534315,2534.315,14.76,87078.3,1260.02,15,19
2534341,2534.341,14.76,87078.37,1260.01,15,19
2534367,2534.367,14.76,87076.03,1260.23,15,19
2534393,2534.393,14.76,87074.91,1260.33,15,19
2534419,2534.419,14.76,87073.88,1260.43,15,19
2534445,2534.445,14.76,87073.96,1260.42,16,20
2534471,2534.471,14.76,87075.18,1260.31,16,20
2534497,2534.497,14.76,87073.76,1260.44,16,20
2534523,2534.523,14.76,87071.32,1260.67,16,20
2534549,2534.549,14.76,87074.83,1260.34,16,20
2534575,2534.575,14.76,87072.41,1260.57,16,20
2534601,2534.601,14.76,87076.76,1260.16,16,20
2534627,2534.627,14.76,87075.35,1260.29,16,20
2534653,2534.653,14.76,87075.64,1260.27,16,20
2534679,2534.679,14.76,87072.94,1260.52,16,20
2534705,2534.705,14.76,87073.05,1260.51,16,20
2534730,2534.73,14.76,87072.21,1260.59,16,20
2534756,2534.756,14.76,87071.89,1260.62,16,20
2534782,2534.782,14.76,87072.86,1260.53,16,20
2534822,2534.822,14.76,87075.49,1260.28,16,20
2534843,2534.843,14.76,87073.51,1260.47,16,20
2534869,2534.869,14.76,87075.5,1260.28,16,20
2534895,2534.895,14.76,87071.64,1260.64,16,20
2534921,2534.921,14.76,87072.95,1260.52,16,20
2534947,2534.947,14.76,87070.55,1260.74,16,20
2534973,2534.973,14.76,87070.98,1260.7,16,20
2534998,2534.998,14.76,87073.02,1260.51,16,20
2543628,2543.628,14.76,87076.62,1260.17,15,19
2543654,2543.654,14.75,87074.95,1260.33,15,19
2543680,2543.68,14.75,87075.12,1260.31,15,19
2543706,2543.706,14.75,87073.95,1260.42,16,20
2543732,2543.732,14.75,87073.33,1260.48,16,20
2543758,2543.758,14.75,87073.05,1260.51,16,20
2543784,2543.784,14.75,87075.87,1260.24,16,20
2543810,2543.81,14.75,87073.58,1260.46,16,20
2543836,2543.836,14.75,87077.26,1260.11,16,20
2543862,2543.862,14.75,87075.09,1260.32,16,20
2543887,2543.887,14.75,87075.85,1260.25,16,20
2543913,2543.913,14.75,87076.75,1260.16,16,20
2543939,2543.939,14.75,87076.08,1260.22,16,20
2543965,2543.965,14.75,87074.9,1260.34,16,20
2544005,2544.005,14.75,87076.03,1260.23,16,20
2544026,2544.026,14.75,87074.64,1260.36,16,20
2544052,2544.052,14.75,87077.09,1260.13,16,20
2544078,2544.078,14.75,87077.34,1260.11,16,20
2544104,2544.104,14.75,87076.9,1260.15,16,20
2544129,2544.129,14.75,87074.38,1260.38,16,20
2544155,2544.155,14.75,87074.89,1260.34,16,20
2544181,2544.181,14.75,87074.37,1260.39,16,20
2544207,2544.207,14.75,87074.55,1260.37,16,20
2544233,2544.233,14.75,87074.04,1260.42,16,20
2544259,2544.259,14.75,87077.61,1260.08,16,20
2544285,2544.285,14.75,87074.82,1260.34,16,20
2544311,2544.311,14.76,87077.58,1260.08,16,20
2544337,2544.337,14.76,87079.74,1259.88,16,20
2544363,2544.363,14.76,87077.46,1260.09,16,20
2544389,2544.389,14.76,87079.8,1259.87,16,20
2544415,2544.415,14.76,87078.14,1260.03,16,20
2544441,2544.441,14.76,87076.25,1260.21,16,20
2544467,2544.467,14.76,87077.08,1260.13,16,20
2544493,2544.493,14.76,87079.77,1259.88,16,20
2544519,2544.519,14.76,87079.98,1259.86,16,20
2544545,2544.545,14.76,87078.66,1259.98,16,20
2544571,2544.571,14.76,87076.77,1260.16,16,20
2544597,2544.597,14.76,87075.28,1260.3,16,20
2544623,2544.623,14.76,87078.5,1260,16,20
2544649,2544.649,14.76,87078.49,1260,16,20
2544675,2544.675,14.76,87082.55,1259.62,16,20
2544701,2544.701,14.76,87078.14,1260.03,16,20
2544727,2544.727,14.76,87083.24,1259.55,15,19
2544753,2544.753,14.76,87081.95,1259.67,15,19
2544779,2544.779,14.76,87081.5,1259.71,15,19
2544805,2544.805,14.76,87082.96,1259.58,15,19
2544831,2544.831,14.76,87079.6,1259.89,15,19
2544857,2544.857,14.76,87081.19,1259.74,15,19
2544883,2544.883,14.76,87080.09,1259.85,15,19
2544909,2544.909,14.76,87076.3,1260.2,15,19
2544935,2544.935,14.76,87079.62,1259.89,15,19
2544961,2544.961,14.76,87078.95,1259.95,15,19
2544987,2544.987,14.75,87079.16,1259.93,15,19
2545026,2545.026,14.75,87079.35,1259.92,15,19
2545047,2545.047,14.75,87075.57,1260.27,15,19
2545073,2545.073,14.75,87078.84,1259.96,15,19
2545099,2545.099,14.75,87077.99,1260.04,15,19
2545125,2545.125,14.75,87077.04,1260.13,15,19
2545151,2545.151,14.75,87078.2,1260.02,15,19
2545177,2545.177,14.75,87077.61,1260.08,15,19
2545203,2545.203,14.75,87073.83,1260.44,15,19
2545229,2545.229,14.75,87073.37,1260.48,15,19
2545255,2545.255,14.75,87072.74,1260.54,15,19
2545281,2545.281,14.75,87075.17,1260.31,15,19
2545306,2545.306,14.75,87073.41,1260.47,15,19
2545332,2545.332,14.75,87077.44,1260.1,15,19
2545358,2545.358,14.75,87075.23,1260.3,15,19
2545384,2545.384,14.75,87075.34,1260.29,15,19
2545410,2545.41,14.75,87073.07,1260.51,15,19
2545436,2545.436,14.75,87072.97,1260.52,15,19
2545462,2545.462,14.75,87074.44,1260.38,15,19
2545488,2545.488,14.75,87074.91,1260.33,15,19
2545514,2545.514,14.75,87072.3,1260.58,15,19
2545540,2545.54,14.75,87072.27,1260.58,15,19
2545566,2545.566,14.75,87074.06,1260.41,15,19
2545592,2545.592,14.75,87073.66,1260.45,15,19
2545618,2545.618,14.75,87074.35,1260.39,15,19
2545644,2545.644,14.75,87073.91,1260.43,15,19
2545670,2545.67,14.75,87074.02,1260.42,15,19
2545696,2545.696,14.75,87071.14,1260.69,15,19
2545722,2545.722,14.75,87074.43,1260.38,15,19
2545748,2545.748,14.75,87071.3,1260.67,15,18
2545774,2545.774,14.75,87075.85,1260.25,15,18
2545800,2545.8,14.75,87073.22,1260.49,15,18
2545826,2545.826,14.75,87074.83,1260.34,15,18
2545852,2545.852,14.75,87073.81,1260.44,15,18
2545878,2545.878,14.75,87074.11,1260.41,15,18
2545904,2545.904,14.75,87072.35,1260.58,15,18
2545930,2545.93,14.75,87074.84,1260.34,15,18
2545956,2545.956,14.75,87073.76,1260.44,15,18
2545982,2545.982,14.75,87069.66,1260.83,15,18
2546008,2546.008,14.75,87073.19,1260.5,15,18
2546048,2546.048,14.75,87072.45,1260.57,15,18
2546068,2546.068,14.75,87074.24,1260.4,15,18
2546094,2546.094,14.75,87073.74,1260.44,15,18
2546120,2546.12,14.75,87074.42,1260.38,15,18
2546146,2546.146,14.75,87073.5,1260.47,15,18
2546172,2546.172,14.75,87071.45,1260.66,15,18
2546198,2546.198,14.75,87072.19,1260.59,15,18
2546224,2546.224,14.75,87073.25,1260.49,15,18
2546250,2546.25,14.75,87070.38,1260.76,15,18
2546276,2546.276,14.75,87072.02,1260.61,15,18
2546302,2546.302,14.75,87067.79,1261,15,18
2546328,2546.328,14.75,87070.65,1260.74,15,18
2546354,2546.354,14.75,87069.55,1260.84,15,18
2546379,2546.379,14.75,87068.88,1260.9,15,18
2546405,2546.405,14.75,87070.12,1260.78,15,18
2546431,2546.431,14.75,87069.34,1260.86,15,18
2546457,2546.457,14.75,87071.29,1260.67,15,18
2546483,2546.483,14.75,87072.81,1260.53,15,18
2546509,2546.509,14.75,87073.2,1260.49,15,18
2546535,2546.535,14.75,87073.86,1260.43,15,18
2546561,2546.561,14.75,87072.07,1260.6,15,18
2546587,2546.587,14.75,87071.68,1260.64,15,18
2546613,2546.613,14.75,87071.71,1260.64,15,18
2546639,2546.639,14.75,87071.04,1260.7,15,18
2546665,2546.665,14.75,87071.81,1260.63,15,18
2546691,2546.691,14.75,87071.53,1260.65,15,18
2546717,2546.717,14.75,87070.81,1260.72,15,18
2546743,2546.743,14.75,87067.89,1260.99,15,18
2546769,2546.769,14.75,87065.08,1261.26,15,18
2546795,2546.795,14.75,87067.74,1261.01,15,18
2546821,2546.821,14.75,87068.22,1260.96,15,18
2546847,2546.847,14.75,87069.66,1260.83,15,18
2546873,2546.873,14.75,87070.88,1260.71,15,18
2546899,2546.899,14.75,87067.81,1261,15,18
2546925,2546.925,14.75,87067.81,1261,15,18
2546951,2546.951,14.75,87064.01,1261.36,15,18
2546977,2546.977,14.75,87066.02,1261.17,15,18
2547003,2547.003,14.75,87067.75,1261.01,15,18
2547029,2547.029,14.75,87067.29,1261.05,15,18
2547069,2547.069,14.75,87066.23,1261.15,15,18
2547089,2547.089,14.75,87064.91,1261.28,15,18
2547115,2547.115,14.75,87062.28,1261.52,15,18
2547141,2547.141,14.75,87064.23,1261.34,15,18
2547167,2547.167,14.75,87065.29,1261.24,15,18
2547193,2547.193,14.75,87062.66,1261.49,15,18
2547219,2547.219,14.75,87064.98,1261.27,15,18
2547245,2547.245,14.75,87063.3,1261.43,15,18
2547271,2547.271,14.75,87063.69,1261.39,15,18
2547297,2547.297,14.75,87065.9,1261.18,15,18
2547323,2547.323,14.75,87064.54,1261.31,15,18
2547349,2547.349,14.75,87067.28,1261.05,15,18
2547375,2547.375,14.75,87066.3,1261.14,15,18
2547401,2547.401,14.75,87066.23,1261.15,15,18
2547427,2547.427,14.75,87064.36,1261.33,15,18
2547453,2547.453,14.75,87066.44,1261.13,15,18
2547479,2547.479,14.75,87066.04,1261.17,15,18
2547505,2547.505,14.75,87067.66,1261.02,15,18
2547531,2547.531,14.75,87066.05,1261.17,15,18
2547557,2547.557,14.75,87065.82,1261.19,15,18
2547582,2547.582,14.75,87064.38,1261.32,15,18
2547608,2547.608,14.75,87064.31,1261.33,15,18
2547634,2547.634,14.75,87062.5,1261.5,15,18
2547660,2547.66,14.75,87063.09,1261.45,15,18
2547686,2547.686,14.75,87059.98,1261.74,15,18
2547712,2547.712,14.75,87064.63,1261.3,15,18
2547738,2547.738,14.75,87062.77,1261.48,15,18
2547764,2547.764,14.75,87065.05,1261.26,15,18
2547790,2547.79,14.75,87066.05,1261.17,15,18
2547816,2547.816,14.75,87064.62,1261.3,16,20
2547842,2547.842,14.75,87064.18,1261.34,16,20
2547868,2547.868,14.75,87064.48,1261.32,16,20
2547894,2547.894,14.75,87065.56,1261.21,16,20
2547920,2547.92,14.75,87064.58,1261.31,16,20
2547946,2547.946,14.75,87064.08,1261.35,16,20
2547972,2547.972,14.75,87061.75,1261.57,16,20
2547998,2547.998,14.75,87062.84,1261.47,16,20
2548024,2548.024,14.75,87061.67,1261.58,16,20
2548050,2548.05,14.75,87061.84,1261.56,16,20
2548090,2548.09,14.75,87062,1261.55,16,20
2548110,2548.11,14.75,87064.25,1261.34,16,20
2548136,2548.136,14.75,87062.91,1261.46,16,20
2548162,2548.162,14.75,87061.55,1261.59,16,20
2548188,2548.188,14.75,87062.17,1261.53,16,20
2548214,2548.214,14.75,87058.78,1261.85,16,20
2548240,2548.24,14.75,87060.56,1261.68,16,20
2548266,2548.266,14.75,87060.93,1261.65,16,20
2548292,2548.292,14.75,87061.8,1261.57,16,20
2548318,2548.318,14.75,87063.38,1261.42,16,20
2548344,2548.344,14.75,87062.95,1261.46,16,20
2548370,2548.37,14.75,87063.8,1261.38,16,20
2548396,2548.396,14.75,87060.66,1261.68,16,20
2548422,2548.422,14.75,87063.37,1261.42,16,20
2548448,2548.448,14.75,87059.07,1261.83,16,20
2548474,2548.474,14.75,87059.59,1261.78,16,20
2548500,2548.5,14.75,87058.83,1261.85,16,20
2548526,2548.526,14.75,87058.74,1261.86,16,20
2548552,2548.552,14.75,87059.84,1261.75,16,20
2548578,2548.578,14.75,87059.11,1261.82,16,20
2548604,2548.604,14.75,87058.01,1261.93,16,20
2548630,2548.63,14.75,87058.41,1261.89,16,20
2548656,2548.656,14.75,87057.7,1261.95,16,20
2548682,2548.682,14.75,87060.34,1261.71,16,20
2548708,2548.708,14.75,87061.31,1261.61,16,20
2548734,2548.734,14.75,87059.94,1261.74,16,20
2548759,2548.759,14.75,87060.79,1261.66,16,20
2548785,2548.785,14.75,87058.31,1261.9,16,20
2548811,2548.811,14.75,87059.66,1261.77,16,20
2548837,2548.837,14.75,87057.55,1261.97,15,18
2548863,2548.863,14.75,87058.88,1261.84,15,18
2548889,2548.889,14.76,87057.47,1261.98,15,18
2548915,2548.915,14.75,87057.06,1262.01,15,18
2548941,2548.941,14.76,87057.3,1261.99,15,18
2548967,2548.967,14.75,87058.84,1261.85,15,18
2548993,2548.993,14.75,87056.87,1262.03,15,18
2549019,2549.019,14.75,87058.28,1261.9,15,18
2549045,2549.045,14.75,87056.53,1262.06,15,18
2549071,2549.071,14.75,87055.88,1262.13,15,18
2549111,2549.111,14.76,87055.27,1262.18,15,18
2549131,2549.131,14.76,87054.55,1262.25,15,18
2549157,2549.157,14.75,87052.3,1262.46,15,18
2549183,2549.183,14.75,87051.34,1262.55,15,18
2549209,2549.209,14.75,87052.77,1262.42,15,18
2549235,2549.235,14.75,87053.76,1262.32,15,18
2549261,2549.261,14.75,87053.94,1262.31,15,18
2549287,2549.287,14.75,87051.14,1262.57,15,18
2549313,2549.313,14.75,87053.16,1262.38,15,18
2549339,2549.339,14.75,87053.23,1262.38,15,18
2549365,2549.365,14.75,87056.15,1262.1,15,18
2549391,2549.391,14.75,87053.38,1262.36,15,18
2549417,2549.417,14.75,87053.34,1262.36,15,18
2549443,2549.443,14.75,87050.54,1262.63,15,18
2549469,2549.469,14.76,87052.52,1262.44,15,18
2549495,2549.495,14.76,87053.29,1262.37,15,18
2549521,2549.521,14.76,87050.77,1262.61,15,18
2549547,2549.547,14.76,87050.73,1262.61,15,18
2549573,2549.573,14.76,87049.86,1262.69,15,18
2549599,2549.599,14.76,87046.02,1263.05,15,18
2549625,2549.625,14.76,87048.52,1262.82,15,18
2549651,2549.651,14.76,87049.8,1262.7,15,18
2549677,2549.677,14.76,87048.27,1262.84,15,18
2549703,2549.703,14.76,87048.98,1262.77,15,18
2549729,2549.729,14.76,87047.41,1262.92,15,18
2549755,2549.755,14.76,87047.52,1262.91,15,18
2549781,2549.781,14.76,87048.53,1262.82,15,18
2549807,2549.807,14.76,87047.41,1262.92,15,18
2549833,2549.833,14.76,87046.12,1263.04,15,18
2549859,2549.859,14.76,87046.66,1262.99,15,18
2549885,2549.885,14.76,87044.65,1263.18,15,19
2549910,2549.91,14.76,87046.39,1263.02,15,19
2549936,2549.936,14.76,87045.53,1263.1,15,19
2549962,2549.962,14.76,87043.47,1263.29,15,19
2549988,2549.988,14.76,87044.26,1263.22,15,19
2550014,2550.014,14.76,87045.95,1263.06,15,19
2550040,2550.04,14.76,87042.31,1263.4,15,19
2550066,2550.066,14.76,87047.07,1262.95,15,19
2550092,2550.092,14.76,87046.45,1263.01,15,19
2550132,2550.132,14.76,87043.94,1263.25,15,19
2550153,2550.153,14.76,87042.3,1263.4,15,19
2550178,2550.178,14.76,87042.75,1263.36,15,19
2550204,2550.204,14.75,87043.02,1263.34,15,19
2550230,2550.23,14.75,87042.72,1263.36,15,19
2550256,2550.256,14.75,87042.72,1263.36,15,19
2550282,2550.282,14.75,87042.63,1263.37,15,19
2550308,2550.308,14.75,87041.3,1263.5,15,19
2550334,2550.334,14.76,87042.95,1263.34,15,19
2550360,2550.36,14.76,87040.54,1263.57,15,19
2550386,2550.386,14.76,87042.95,1263.34,15,19
2550412,2550.412,14.76,87045.14,1263.14,15,19
2550438,2550.438,14.76,87044.77,1263.17,15,19
2550464,2550.464,14.76,87047.88,1262.88,15,19
2550490,2550.49,14.76,87041.95,1263.44,15,19
2550516,2550.516,14.76,87039.3,1263.69,15,19
2550542,2550.542,14.76,87037.6,1263.85,15,19
2550568,2550.568,14.76,87040.29,1263.59,15,19
2550594,2550.594,14.76,87040.38,1263.59,15,19
2550620,2550.62,14.76,87043.02,1263.34,15,19
2550646,2550.646,14.76,87038.22,1263.79,15,19
2550672,2550.672,14.76,87040.41,1263.58,15,19
2550698,2550.698,14.76,87037.53,1263.85,15,19
2550724,2550.724,14.76,87036.68,1263.93,15,19
2550750,2550.75,14.76,87040.21,1263.6,15,19
2550776,2550.776,14.76,87036.81,1263.92,15,19
2550802,2550.802,14.76,87037.96,1263.81,15,19
2550828,2550.828,14.76,87038.06,1263.8,15,19
2550854,2550.854,14.76,87038.76,1263.74,15,19
2550880,2550.88,14.76,87037.84,1263.82,15,19
2550906,2550.906,14.76,87039.03,1263.71,15,19
2550932,2550.932,14.76,87037.09,1263.9,15,19
2550958,2550.958,14.76,87034.43,1264.15,15,19
2550984,2550.984,14.76,87034.41,1264.15,15,19
2551010,2551.01,14.76,87032.53,1264.32,15,19
2551036,2551.036,14.76,87033.1,1264.27,15,19
2551062,2551.062,14.76,87034.59,1264.13,15,19
2551088,2551.088,14.76,87032.35,1264.34,15,19
2551113,2551.113,14.76,87033.03,1264.28,15,19
2551153,2551.153,14.76,87032.06,1264.37,15,19
2551174,2551.174,14.76,87030.48,1264.52,15,19
2551200,2551.2,14.76,87030.61,1264.5,15,19
2551226,2551.226,14.76,87031.47,1264.42,15,19
2551252,2551.252,14.76,87030.51,1264.51,15,19
2551278,2551.278,14.76,87031.66,1264.41,15,19
2551304,2551.304,14.76,87027.91,1264.76,15,19
2551329,2551.329,14.76,87032.28,1264.35,15,19
2551355,2551.355,14.76,87032.02,1264.37,15,19
2551381,2551.381,14.76,87031.03,1264.46,15,19
2551407,2551.407,14.76,87028.92,1264.66,15,19
2551433,2551.433,14.76,87028.05,1264.75,15,19
2551459,2551.459,14.76,87028.53,1264.7,15,19
2551485,2551.485,14.76,87029.18,1264.64,15,19
2551511,2551.511,14.76,87032.28,1264.35,15,19
2551537,2551.537,14.76,87029.38,1264.62,15,19
2551563,2551.563,14.76,87031.31,1264.44,15,19
2551589,2551.589,14.76,87028.78,1264.68,15,19
2551615,2551.615,14.76,87028.95,1264.66,15,19
2551641,2551.641,14.76,87028.1,1264.74,15,19
2551667,2551.667,14.76,87025.54,1264.98,15,19
2551693,2551.693,14.76,87029.47,1264.61,15,19
2551719,2551.719,14.76,87027.48,1264.8,15,19
2551745,2551.745,14.76,87027.87,1264.76,15,19
2551771,2551.771,14.76,87029.88,1264.57,15,19
2551797,2551.797,14.76,87027.58,1264.79,15,19
2551823,2551.823,14.76,87030.82,1264.48,15,19
2551849,2551.849,14.76,87028.77,1264.68,15,19
2551875,2551.875,14.76,87028.91,1264.66,15,19
2551901,2551.901,14.76,87029.52,1264.61,15,19
2551927,2551.927,14.76,87029.63,1264.6,16,20
2551953,2551.953,14.76,87031.24,1264.44,16,20
2551979,2551.979,14.76,87029.93,1264.57,16,20
2552005,2552.005,14.76,87029.44,1264.61,16,20
2552031,2552.031,14.76,87028.11,1264.74,16,20
2552057,2552.057,14.76,87027.16,1264.83,16,20
2552083,2552.083,14.76,87027.17,1264.83,16,20
2552109,2552.109,14.76,87028.27,1264.72,16,20
2552135,2552.135,14.76,87026.41,1264.9,16,20
2552175,2552.175,14.76,87025.84,1264.95,16,20
2552195,2552.195,14.76,87024.46,1265.08,16,20
2552221,2552.221,14.76,87027.46,1264.8,16,20
2552247,2552.247,14.76,87025.52,1264.98,16,20
2552273,2552.273,14.76,87026.1,1264.93,16,20
2552299,2552.299,14.76,87025.84,1264.95,16,20
2552325,2552.325,14.76,87023.66,1265.16,16,20
2552351,2552.351,14.76,87022.98,1265.22,16,20
2552377,2552.377,14.76,87024.23,1265.11,16,20
2552403,2552.403,14.76,87024.7,1265.06,16,20
2552429,2552.429,14.76,87024.18,1265.11,16,20
2552455,2552.455,14.76,87025.23,1265.01,16,20
2552481,2552.481,14.76,87025.97,1264.94,16,20
2552507,2552.507,14.76,87023.97,1265.13,16,20
2552532,2552.532,14.76,87025.72,1264.97,16,20
2552558,2552.558,14.76,87022.73,1265.25,16,20
2552584,2552.584,14.76,87022.52,1265.27,16,20
2552610,2552.61,14.76,87023.84,1265.14,16,20
2552636,2552.636,14.76,87019.11,1265.59,16,20
2552662,2552.662,14.76,87022.49,1265.27,16,20
2552688,2552.688,14.76,87019.88,1265.51,16,20
2552714,2552.714,14.76,87026.57,1264.89,16,20
2552740,2552.74,14.76,87024.79,1265.05,16,20
2552766,2552.766,14.76,87025.06,1265.03,16,20
2552792,2552.792,14.76,87025.47,1264.99,16,20
2552818,2552.818,14.76,87021.67,1265.35,16,20
2552844,2552.844,14.76,87025.57,1264.98,16,20
2552870,2552.87,14.76,87020.16,1265.49,16,20
2552896,2552.896,14.76,87022.8,1265.24,16,20
2552922,2552.922,14.76,87023.4,1265.18,16,20
2552948,2552.948,14.76,87024.59,1265.07,16,21
2552974,2552.974,14.76,87025.06,1265.03,16,21
2553000,2553,14.76,87024.62,1265.07,16,21
2553026,2553.026,14.76,87021.52,1265.36,16,21
2553052,2553.052,14.76,87022.22,1265.3,16,21
2553078,2553.078,14.76,87021.22,1265.39,16,21
2553104,2553.104,14.76,87021.39,1265.37,16,21
2553130,2553.13,14.76,87020.23,1265.48,16,21
2553156,2553.156,14.76,87022.55,1265.26,16,21
2553196,2553.196,14.76,87020.41,1265.46,16,21
2553216,2553.216,14.76,87018.48,1265.65,16,21
2553242,2553.242,14.76,87021.27,1265.38,16,21
2553268,2553.268,14.76,87018.44,1265.65,16,21
2553294,2553.294,14.76,87020.12,1265.49,16,21
2553320,2553.32,14.76,87019.71,1265.53,16,21
2553346,2553.346,14.76,87019.53,1265.55,16,21
2553372,2553.372,14.76,87018.61,1265.63,16,21
2553398,2553.398,14.76,87018.76,1265.62,16,21
2553424,2553.424,14.76,87017.35,1265.75,16,21
2553450,2553.45,14.76,87014.31,1266.04,16,21
2553476,2553.476,14.76,87013.84,1266.08,16,21
2553502,2553.502,14.76,87012.73,1266.19,16,21
2553528,2553.528,14.76,87015.33,1265.94,16,21
2553554,2553.554,14.76,87012.5,1266.21,16,21
2553580,2553.58,14.76,87011.97,1266.26,16,21
2553606,2553.606,14.76,87014.62,1266.01,16,21
2553632,2553.632,14.76,87012.16,1266.24,16,21
2553658,2553.658,14.76,87015.11,1265.96,16,21
2553683,2553.683,14.76,87015.04,1265.97,16,21
2553709,2553.709,14.76,87014.56,1266.02,16,21
2553735,2553.735,14.76,87012.28,1266.23,16,21
2553761,2553.761,14.76,87014.68,1266.01,16,21
2553787,2553.787,14.76,87015.27,1265.95,16,21
2553813,2553.813,14.76,87014.37,1266.03,16,21
2553839,2553.839,14.76,87013.58,1266.11,16,21
2553865,2553.865,14.76,87013.96,1266.07,16,21
2553891,2553.891,14.76,87012.16,1266.24,16,21
2553917,2553.917,14.76,87012.94,1266.17,16,21
2553943,2553.943,14.76,87015.6,1265.92,16,21
2553969,2553.969,14.76,87013.38,1266.13,16,21
2553995,2553.995,14.76,87014.41,1266.03,16,20
2554021,2554.021,14.76,87008.89,1266.55,16,20
2554047,2554.047,14.76,87011.64,1266.29,16,20
2554073,2554.073,14.76,87011.36,1266.32,16,20
2554099,2554.099,14.76,87010.44,1266.4,16,20
2554125,2554.125,14.76,87011.62,1266.29,16,20
2554151,2554.151,14.76,87013.02,1266.16,16,20
2554177,2554.177,14.76,87013.04,1266.16,16,20
2554217,2554.217,14.76,87010.85,1266.37,16,20
2554237,2554.237,14.76,87013.88,1266.08,16,20
2554263,2554.263,14.76,87015.73,1265.91,16,20
2554289,2554.289,14.76,87013.55,1266.11,16,20
2554315,2554.315,14.76,87013.33,1266.13,16,20
2554341,2554.341,14.76,87014.84,1265.99,16,20
2554367,2554.367,14.76,87010.33,1266.41,16,20
2554393,2554.393,14.76,87010.53,1266.4,16,20
2554419,2554.419,14.76,87012.81,1266.18,16,20
2554445,2554.445,14.76,87009.93,1266.45,16,20
2554471,2554.471,14.76,87012.11,1266.25,16,20
2554497,2554.497,14.76,87010.91,1266.36,16,20
2554523,2554.523,14.76,87012.55,1266.21,16,20
2554549,2554.549,14.76,87009.82,1266.46,16,20
2554575,2554.575,14.76,87012.68,1266.19,16,20
2554601,2554.601,14.76,87010.08,1266.44,16,20
2554627,2554.627,14.76,87009.8,1266.46,16,20
2554653,2554.653,14.76,87011.38,1266.32,16,20
2554679,2554.679,14.77,87008.63,1266.57,16,20
2554705,2554.705,14.77,87007.43,1266.69,16,20
2554731,2554.731,14.77,87010.49,1266.4,16,20
2554757,2554.757,14.77,87010.09,1266.44,16,20
2554783,2554.783,14.77,87012.52,1266.21,16,20
2554809,2554.809,14.77,87011.15,1266.34,16,20
2554835,2554.835,14.77,87008.83,1266.56,16,20
2554861,2554.861,14.77,87010.81,1266.37,16,20
2554887,2554.887,14.77,87007.34,1266.7,16,20
2554913,2554.913,14.77,87009.05,1266.53,16,20
2554939,2554.939,14.76,87007.15,1266.71,16,20
2554964,2554.964,14.76,87006.73,1266.75,16,20
2554990,2554.99,14.76,87007.3,1266.7,16,20
2555016,2555.016,14.76,87011.28,1266.33,17,21
2555042,2555.042,14.76,87010.66,1266.38,17,21
2555068,2555.068,14.77,87008.57,1266.58,17,21
2555094,2555.094,14.77,87009.14,1266.53,17,21
2555120,2555.12,14.77,87005.36,1266.88,17,21
2555146,2555.146,14.77,87008.54,1266.58,17,21
2555172,2555.172,14.77,87005.72,1266.85,17,21
2555198,2555.198,14.77,87008.9,1266.55,17,21
2555238,2555.238,14.77,87009.41,1266.5,17,21
2555258,2555.258,14.77,87007.59,1266.67,17,21
2555284,2555.284,14.76,87005.84,1266.84,17,21
2555310,2555.31,14.76,87004.83,1266.93,17,21
2555336,2555.336,14.76,87007.48,1266.68,17,21
2555362,2555.362,14.76,87007.42,1266.69,17,21
2555388,2555.388,14.76,87006.22,1266.8,17,21
2555414,2555.414,14.76,87007.8,1266.65,17,21
2555440,2555.44,14.76,87006.2,1266.8,17,21
2555466,2555.466,14.76,87008.38,1266.6,17,21
2555492,2555.492,14.76,87006.1,1266.81,17,21
2555518,2555.518,14.76,87007.69,1266.66,17,21
2555544,2555.544,14.76,87005.62,1266.86,17,21
2555570,2555.57,14.76,87005.23,1266.9,17,21
2555596,2555.596,14.76,87003.42,1267.06,17,21
2555622,2555.622,14.76,87003.92,1267.02,17,21
2555648,2555.648,14.76,87005.13,1266.9,17,21
2555674,2555.674,14.76,87004.73,1266.94,17,21
2555700,2555.7,14.76,87002.24,1267.18,17,21
2555726,2555.726,14.76,87003.74,1267.04,17,21
2555752,2555.752,14.76,87002.77,1267.13,17,21
2555778,2555.778,14.76,87002.48,1267.15,17,21
2555804,2555.804,14.76,87003.85,1267.02,17,21
2555830,2555.83,14.76,87005.53,1266.87,17,21
2555856,2555.856,14.76,87001.92,1267.21,17,21
2555882,2555.882,14.76,87002.91,1267.11,17,21
2555908,2555.908,14.76,87004.23,1266.99,17,21
2555934,2555.934,14.77,87001.17,1267.28,17,21
2555960,2555.96,14.77,87005.02,1266.91,17,21
2555986,2555.986,14.77,87005.87,1266.83,17,21
2556012,2556.012,14.77,87004.17,1266.99,17,21
2556038,2556.038,14.76,87006.53,1266.77,16,20
2556064,2556.064,14.76,87006.48,1266.78,16,20
2556090,2556.09,14.77,87006.16,1266.81,16,20
2556116,2556.116,14.77,87005.12,1266.91,16,20
2556142,2556.142,14.76,87002.98,1267.11,16,20
2556168,2556.168,14.76,87001.4,1267.26,16,20
2556194,2556.194,14.76,86998.52,1267.53,16,20
2556220,2556.22,14.76,87000.66,1267.32,16,20
2556259,2556.259,14.77,87001.08,1267.29,16,20
2556280,2556.28,14.77,87004.22,1266.99,16,20
2556306,2556.306,14.76,87003.13,1267.09,16,20
2556332,2556.332,14.76,87005.86,1266.84,16,20
2556358,2556.358,14.76,87002.35,1267.17,16,20
2556384,2556.384,14.76,87004.9,1266.93,16,20
2556410,2556.41,14.76,87006.02,1266.82,16,20
2556436,2556.436,14.76,87005.87,1266.83,16,20
2556462,2556.462,14.76,87003.61,1267.05,16,20
2556487,2556.487,14.76,87004.3,1266.98,16,20
2556513,2556.513,14.76,87000.39,1267.35,16,20
2556539,2556.539,14.76,87003.23,1267.08,16,20
2556565,2556.565,14.76,87000.01,1267.39,16,20
2556591,2556.591,14.76,87001.47,1267.25,16,20
2556617,2556.617,14.76,87000.03,1267.38,16,20
2556643,2556.643,14.76,87001.34,1267.26,16,20
2556669,2556.669,14.76,87004.23,1266.99,16,20
2556695,2556.695,14.76,87001.79,1267.22,16,20
2556721,2556.721,14.76,87004.35,1266.98,16,20
2556747,2556.747,14.76,87003.58,1267.05,16,20
2556773,2556.773,14.76,87002.12,1267.19,16,20
2556799,2556.799,14.76,87001.7,1267.23,16,20
2556825,2556.825,14.76,87002.84,1267.12,16,20
2556851,2556.851,14.77,87003.38,1267.07,16,20
2556877,2556.877,14.77,87005.7,1266.85,16,20
2556903,2556.903,14.76,87004.01,1267.01,16,20
2556929,2556.929,14.76,87003.55,1267.05,16,20
2556955,2556.955,14.76,87001.07,1267.29,16,20
2556981,2556.981,14.76,87003.78,1267.03,16,20
2557007,2557.007,14.77,87001.87,1267.21,16,20
2565640,2565.64,14.77,86963.61,1270.82,14,18
2565666,2565.666,14.76,86969.14,1270.29,14,18
2565692,2565.692,14.76,86962.04,1270.96,14,18
2565718,2565.718,14.76,86969.59,1270.25,14,18
2565744,2565.744,14.76,86965.07,1270.68,14,18
2565770,2565.77,14.76,86967.97,1270.41,14,18
2565796,2565.796,14.76,86964.77,1270.71,14,18
2565822,2565.822,14.76,86963.78,1270.8,14,18
2565848,2565.848,14.76,86968.36,1270.37,14,18
2565874,2565.874,14.76,86965.15,1270.67,14,18
2565900,2565.9,14.76,86966.88,1270.51,14,18
2565926,2565.926,14.76,86962.7,1270.9,14,18
2565952,2565.952,14.76,86964.02,1270.78,14,18
2565978,2565.978,14.76,86962.91,1270.88,14,18
2566004,2566.004,14.76,86961.69,1271,14,18
2566030,2566.03,14.76,86964.8,1270.7,14,18
2566056,2566.056,14.76,86961.86,1270.98,14,18
2566082,2566.082,14.76,86963.23,1270.85,14,18
2566108,2566.108,14.77,86963.64,1270.81,14,18
2566134,2566.134,14.77,86962.56,1270.91,14,18
2566160,2566.16,14.77,86967.12,1270.48,14,18
2566186,2566.186,14.77,86964.66,1270.72,14,18
2566212,2566.212,14.77,86966.2,1270.57,14,18
2566238,2566.238,14.77,86961.73,1270.99,14,18
2566264,2566.264,14.77,86964.38,1270.74,14,18
2566290,2566.29,14.77,86965.84,1270.61,14,18
2566316,2566.316,14.77,86965.16,1270.67,14,18
2566342,2566.342,14.77,86963.25,1270.85,14,18
2566368,2566.368,14.77,86961.62,1271,14,18
2566394,2566.394,14.77,86963.4,1270.84,14,18
2566420,2566.42,14.77,86963.12,1270.86,14,18
2566459,2566.459,14.77,86965.16,1270.67,14,18
2566480,2566.48,14.77,86963.09,1270.86,14,18
2566506,2566.506,14.77,86963.52,1270.82,14,18
2566532,2566.532,14.77,86962.41,1270.93,14,18
2566558,2566.558,14.77,86959.14,1271.24,14,18
2566584,2566.584,14.77,86961.94,1270.97,14,18
2566610,2566.61,14.77,86961.71,1270.99,14,18
2566636,2566.636,14.77,86962.6,1270.91,14,18
2566662,2566.662,14.77,86961.52,1271.01,14,18
2566687,2566.687,14.77,86959.95,1271.16,14,18
2566713,2566.713,14.77,86960.12,1271.14,14,18
2566739,2566.739,14.77,86959.33,1271.22,14,18
2566765,2566.765,14.77,86959.43,1271.21,14,18
2566791,2566.791,14.77,86960.07,1271.15,14,18
2566817,2566.817,14.77,86961.85,1270.98,14,18
2566843,2566.843,14.77,86960.97,1271.06,14,18
2566869,2566.869,14.77,86960.1,1271.15,14,18
2566895,2566.895,14.77,86959.97,1271.16,14,18
2566921,2566.921,14.77,86962.52,1270.92,14,18
2566947,2566.947,14.77,86959.77,1271.18,14,18
2566973,2566.973,14.77,86961.73,1270.99,14,18
2566999,2566.999,14.77,86958.4,1271.31,14,18
2567025,2567.025,14.77,86961.84,1270.98,14,18
2567051,2567.051,14.77,86957.7,1271.37,14,18
2567077,2567.077,14.77,86963.81,1270.8,14,18
2567103,2567.103,14.77,86962.53,1270.92,14,18
2567129,2567.129,14.77,86959.12,1271.24,14,18
2567155,2567.155,14.77,86959.8,1271.17,14,18
2567181,2567.181,14.77,86958.39,1271.31,14,18
2567207,2567.207,14.77,86959.68,1271.19,14,18
2567233,2567.233,14.77,86961.73,1270.99,14,18
2567259,2567.259,14.77,86961.28,1271.04,14,18
2567285,2567.285,14.77,86959.98,1271.16,14,18
2567311,2567.311,14.77,86959.56,1271.2,14,18
2567337,2567.337,14.77,86962.05,1270.96,14,18
2567363,2567.363,14.77,86959.82,1271.17,15,19
2567389,2567.389,14.77,86963.79,1270.8,15,19
2567415,2567.415,14.77,86961.09,1271.05,15,19
2567441,2567.441,14.77,86959.17,1271.23,15,19
2567481,2567.481,14.77,86959.2,1271.23,15,19
2567501,2567.501,14.77,86958.75,1271.27,15,19
2567527,2567.527,14.77,86958.6,1271.29,15,19
2567553,2567.553,14.77,86958.87,1271.26,15,19
2567579,2567.579,14.77,86960.2,1271.14,15,19
2567605,2567.605,14.77,86957.23,1271.42,15,19
2567631,2567.631,14.77,86955.6,1271.57,15,19
2567657,2567.657,14.77,86955.95,1271.54,15,19
2567683,2567.683,14.77,86957.7,1271.37,15,19
2567709,2567.709,14.77,86958.92,1271.26,15,19
2567735,2567.735,14.77,86960.3,1271.13,15,19
2567761,2567.761,14.77,86958.84,1271.27,15,19
2567787,2567.787,14.77,86958.63,1271.28,15,19
2567813,2567.813,14.77,86958.16,1271.33,15,19
2567839,2567.839,14.77,86957.81,1271.36,15,19
2567864,2567.864,14.77,86957.34,1271.41,15,19
2567890,2567.89,14.77,86960.52,1271.11,15,19
2567916,2567.916,14.77,86955.83,1271.55,15,19
2567942,2567.942,14.77,86957.97,1271.35,15,19
2567968,2567.968,14.77,86957.91,1271.35,15,19
2567994,2567.994,14.77,86961.13,1271.05,15,19
2568020,2568.02,14.77,86958.05,1271.34,15,19
2568046,2568.046,14.77,86956.88,1271.45,15,19
2568072,2568.072,14.77,86954.12,1271.71,15,19
2568098,2568.098,14.77,86956.96,1271.44,15,19
2568124,2568.124,14.77,86957.19,1271.42,15,19
2568150,2568.15,14.77,86957.75,1271.37,15,19
2568176,2568.176,14.77,86960.72,1271.09,15,19
2568202,2568.202,14.77,86961.88,1270.98,15,19
2568228,2568.228,14.77,86957.6,1271.38,15,19
2568254,2568.254,14.77,86959.38,1271.21,15,19
2568280,2568.28,14.77,86955.63,1271.57,15,19
2568306,2568.306,14.77,86956.95,1271.44,15,19
2568332,2568.332,14.77,86955.22,1271.61,15,19
2568358,2568.358,14.77,86956.33,1271.5,15,19
2568384,2568.384,14.77,86953.83,1271.74,14,17
2568410,2568.41,14.77,86956.17,1271.52,14,17
2568436,2568.436,14.77,86954.34,1271.69,14,17
2568462,2568.462,14.77,86957.04,1271.44,14,17
2568502,2568.502,14.77,86957.05,1271.43,14,17
2568522,2568.522,14.77,86958.62,1271.29,14,17
2568548,2568.548,14.77,86956.77,1271.46,14,17
2568574,2568.574,14.77,86955.85,1271.55,14,17
2568600,2568.6,14.77,86956.93,1271.45,14,17
2568626,2568.626,14.77,86957.87,1271.36,14,17
2568652,2568.652,14.77,86955.98,1271.54,14,17
2568678,2568.678,14.77,86956.88,1271.45,14,17
2568704,2568.704,14.77,86956.52,1271.48,14,17
2568730,2568.73,14.77,86953.7,1271.75,14,17
2568756,2568.756,14.77,86957.74,1271.37,14,17
2568782,2568.782,14.77,86954.05,1271.72,14,17
2568808,2568.808,14.77,86956.52,1271.48,14,17
2568834,2568.834,14.77,86951.17,1271.99,14,17
2568860,2568.86,14.77,86953.05,1271.81,14,17
2568886,2568.886,14.77,86951.71,1271.94,14,17
2568912,2568.912,14.77,86952.43,1271.87,14,17
2568938,2568.938,14.77,86952.27,1271.88,14,17
2568964,2568.964,14.77,86952.59,1271.85,14,17
2568990,2568.99,14.77,86954.45,1271.68,14,17
2569015,2569.015,14.77,86951.34,1271.97,14,17
2569041,2569.041,14.77,86952.98,1271.82,14,17
2569067,2569.067,14.77,86954.23,1271.7,14,17
2569093,2569.093,14.77,86952.54,1271.86,14,17
2569119,2569.119,14.77,86951.56,1271.95,14,17
2569145,2569.145,14.77,86951.42,1271.96,14,17
2569171,2569.171,14.77,86953.03,1271.81,14,17
2569197,2569.197,14.77,86949.76,1272.12,14,17
2569223,2569.223,14.77,86955.16,1271.61,14,17
2569249,2569.249,14.77,86952.46,1271.87,14,17
2569275,2569.275,14.77,86955.02,1271.63,14,17
2569301,2569.301,14.77,86952.55,1271.86,14,17
2569327,2569.327,14.77,86956.29,1271.51,14,17
2569353,2569.353,14.77,86954.98,1271.63,14,17
2569379,2569.379,14.77,86954.12,1271.71,14,17
2569405,2569.405,14.77,86953.3,1271.79,14,17
2569431,2569.431,14.77,86949.81,1272.12,14,18
2569457,2569.457,14.77,86953.95,1271.73,14,18
2569483,2569.483,14.77,86953.27,1271.79,14,18
2569523,2569.523,14.77,86952.23,1271.89,14,18
2569543,2569.543,14.77,86954.09,1271.71,14,18
2569569,2569.569,14.77,86953.33,1271.79,14,18
2569595,2569.595,14.77,86953.35,1271.78,14,18
2569621,2569.621,14.77,86948.21,1272.27,14,18
2569647,2569.647,14.77,86949.45,1272.15,14,18
2569673,2569.673,14.77,86948.53,1272.24,14,18
2569699,2569.699,14.77,86946.95,1272.39,14,18
2569725,2569.725,14.77,86948.63,1272.23,14,18
2569751,2569.751,14.77,86950.82,1272.02,14,18
2569777,2569.777,14.77,86947.98,1272.29,14,18
2569803,2569.803,14.77,86947,1272.38,14,18
2569829,2569.829,14.77,86951.02,1272,14,18
2569855,2569.855,14.77,86950.19,1272.08,14,18
2569881,2569.881,14.77,86951.48,1271.96,14,18
2569907,2569.907,14.77,86946.02,1272.47,14,18
2569933,2569.933,14.77,86948.7,1272.22,14,18
2569959,2569.959,14.77,86949.16,1272.18,14,18
2569985,2569.985,14.77,86947.73,1272.31,14,18
2570011,2570.011,14.77,86947.98,1272.29,14,18
2570037,2570.037,14.77,86948.49,1272.24,14,18
2570063,2570.063,14.77,86948.99,1272.19,14,18
2570089,2570.089,14.77,86949.12,1272.18,14,18
2570115,2570.115,14.77,86948.14,1272.27,14,18
2570141,2570.141,14.77,86947.3,1272.35,14,18
2570167,2570.167,14.77,86946.14,1272.46,14,18
2570193,2570.193,14.77,86949.43,1272.15,14,18
2570219,2570.219,14.77,86948.41,1272.25,14,18
2570245,2570.245,14.78,86950.64,1272.04,14,18
2570271,2570.271,14.78,86949.85,1272.11,14,18
2570296,2570.296,14.78,86950.67,1272.03,14,18
2570322,2570.322,14.78,86951.12,1271.99,14,18
2570348,2570.348,14.78,86946.56,1272.42,14,18
2570374,2570.374,14.78,86947.23,1272.36,14,18
2570400,2570.4,14.78,86949.84,1272.11,14,18
2570426,2570.426,14.78,86945.41,1272.53,14,18
2570452,2570.452,14.78,86947.23,1272.36,14,18
2570478,2570.478,14.78,86947.91,1272.3,14,18
2570504,2570.504,14.78,86949.6,1272.14,14,18
2570544,2570.544,14.78,86949.38,1272.16,14,18
2570564,2570.564,14.78,86947.04,1272.38,14,18
2570590,2570.59,14.77,86945.33,1272.54,14,18
2570616,2570.616,14.77,86946.55,1272.42,14,18
2570642,2570.642,14.77,86944.55,1272.61,14,18
2570668,2570.668,14.77,86944.58,1272.61,14,18
2570694,2570.694,14.77,86944.14,1272.65,14,18
2570720,2570.72,14.77,86944.76,1272.59,14,18
2570746,2570.746,14.77,86946.09,1272.47,14,18
2570772,2570.772,14.77,86946.41,1272.44,14,18
2570798,2570.798,14.77,86946.43,1272.44,14,18
2570824,2570.824,14.77,86943.68,1272.69,14,18
2570850,2570.85,14.77,86946.28,1272.45,14,18
2570876,2570.876,14.77,86942.25,1272.83,14,18
2570902,2570.902,14.77,86946.17,1272.46,14,18
2570928,2570.928,14.77,86943.92,1272.67,14,18
2570954,2570.954,14.78,86944.82,1272.59,14,18
2570980,2570.98,14.77,86942.74,1272.78,14,18
2571006,2571.006,14.78,86944.55,1272.61,14,18
2571032,2571.032,14.78,86943.15,1272.74,14,18
2571058,2571.058,14.78,86946.86,1272.39,14,18
2571084,2571.084,14.77,86944.34,1272.63,14,18
2571110,2571.11,14.78,86943.08,1272.75,14,18
2571136,2571.136,14.78,86942.8,1272.78,14,18
2571162,2571.162,14.78,86944.03,1272.66,14,18
2571188,2571.188,14.78,86947,1272.38,14,18
2571214,2571.214,14.78,86944.26,1272.64,14,18
2571240,2571.24,14.78,86946.9,1272.39,14,18
2571266,2571.266,14.77,86944.06,1272.66,14,18
2571292,2571.292,14.78,86947.57,1272.33,14,18
2571318,2571.318,14.77,86944.09,1272.66,14,18
2571344,2571.344,14.77,86945.74,1272.5,14,18
2571370,2571.37,14.77,86947.2,1272.36,14,18
2571396,2571.396,14.77,86944.39,1272.63,14,18
2571422,2571.422,14.78,86948.2,1272.27,14,18
2571448,2571.448,14.77,86943.87,1272.68,14,18
2571474,2571.474,14.78,86947.58,1272.33,15,18
2571500,2571.5,14.78,86942.37,1272.82,15,18
2571525,2571.525,14.78,86943.72,1272.69,15,18
2571565,2571.565,14.78,86945.18,1272.55,15,18
2571586,2571.586,14.78,86942.9,1272.77,15,18
2571612,2571.612,14.77,86943.2,1272.74,15,18
2571638,2571.638,14.77,86940.76,1272.97,15,18
2571664,2571.664,14.77,86943.89,1272.67,15,18
2571689,2571.689,14.77,86942.95,1272.76,15,18
2571715,2571.715,14.77,86943.97,1272.67,15,18
2571741,2571.741,14.77,86943.32,1272.73,15,18
2571767,2571.767,14.77,86941.77,1272.87,15,18
2571793,2571.793,14.77,86943.38,1272.72,15,18
2571819,2571.819,14.77,86942.01,1272.85,15,18
2571845,2571.845,14.77,86938.84,1273.15,15,18
2571871,2571.871,14.77,86942.05,1272.85,15,18
2571897,2571.897,14.77,86939.07,1273.13,15,18
2571923,2571.923,14.77,86939.34,1273.1,15,18
2571949,2571.949,14.77,86939.62,1273.08,15,18
2571975,2571.975,14.77,86940.42,1273,15,18
2572001,2572.001,14.77,86941.63,1272.89,15,18
2572027,2572.027,14.77,86939.63,1273.08,15,18
2572053,2572.053,14.77,86942.61,1272.79,15,18
2572079,2572.079,14.78,86942.53,1272.8,15,18
2572105,2572.105,14.78,86942.97,1272.76,15,18
2572131,2572.131,14.78,86939.99,1273.04,15,18
2572157,2572.157,14.78,86939.7,1273.07,15,18
2572183,2572.183,14.78,86937.19,1273.31,15,18
2572209,2572.209,14.78,86940.04,1273.04,15,18
2572235,2572.235,14.78,86938.77,1273.16,15,18
2572261,2572.261,14.78,86937.24,1273.3,15,18
2572287,2572.287,14.78,86940.54,1272.99,15,18
2572313,2572.313,14.78,86938.72,1273.16,15,18
2572339,2572.339,14.78,86941.04,1272.94,15,18
2572365,2572.365,14.78,86939.67,1273.07,15,18
2572391,2572.391,14.78,86940.81,1272.96,15,18
2572417,2572.417,14.78,86936.95,1273.33,15,18
2572443,2572.443,14.78,86938.66,1273.17,15,18
2572469,2572.469,14.78,86939.64,1273.07,15,18
2572495,2572.495,14.78,86939.01,1273.13,14,18
2572521,2572.521,14.78,86941.36,1272.91,14,18
2572547,2572.547,14.78,86939.81,1273.06,14,18
2572586,2572.586,14.78,86940.33,1273.01,14,18
2572607,2572.607,14.78,86939.71,1273.07,14,18
2572633,2572.633,14.77,86939.73,1273.07,14,18
2572659,2572.659,14.77,86938.76,1273.16,14,18
2572685,2572.685,14.77,86938.58,1273.17,14,18
2572710,2572.71,14.77,86941.4,1272.91,14,18
2572736,2572.736,14.77,86938.91,1273.14,14,18
2572762,2572.762,14.77,86942.35,1272.82,14,18
2572788,2572.788,14.77,86941.11,1272.94,14,18
2572814,2572.814,14.77,86940.39,1273,14,18
2572840,2572.84,14.77,86940.63,1272.98,14,18
2572866,2572.866,14.77,86940.55,1272.99,14,18
2572892,2572.892,14.77,86942.24,1272.83,14,18
2572918,2572.918,14.77,86938.58,1273.17,14,18
2572944,2572.944,14.77,86938,1273.23,14,18
2572970,2572.97,14.78,86940.51,1272.99,14,18
2572996,2572.996,14.78,86938.37,1273.19,14,18
2573022,2573.022,14.78,86938.72,1273.16,14,18
2573048,2573.048,14.78,86938.46,1273.19,14,18
2573074,2573.074,14.78,86937.98,1273.23,14,18
2573100,2573.1,14.78,86938.77,1273.16,14,18
2573126,2573.126,14.78,86937.55,1273.27,14,18
2573152,2573.152,14.78,86937.02,1273.32,14,18
2573178,2573.178,14.78,86939.26,1273.11,14,18
2573204,2573.204,14.78,86936.58,1273.36,14,18
2573230,2573.23,14.78,86938.18,1273.21,14,18
2573256,2573.256,14.78,86934.7,1273.54,14,18
2573282,2573.282,14.78,86938.96,1273.14,14,18
2573308,2573.308,14.78,86937.33,1273.29,14,18
2573334,2573.334,14.78,86936.39,1273.38,14,18
2573360,2573.36,14.78,86938.16,1273.21,14,18
2573386,2573.386,14.78,86936.48,1273.37,14,18
2573412,2573.412,14.78,86938.13,1273.22,14,18
2573438,2573.438,14.78,86935.9,1273.43,14,18
2573464,2573.464,14.78,86940.09,1273.03,14,18
2573490,2573.49,14.78,86941.46,1272.9,14,18
2573516,2573.516,14.78,86937.17,1273.31,14,18
2573542,2573.542,14.78,86940.98,1272.95,14,17
2573568,2573.568,14.78,86934.96,1273.52,14,17
2573607,2573.607,14.78,86939.16,1273.12,14,17
2573628,2573.628,14.78,86931.84,1273.81,14,17
2573654,2573.654,14.78,86938.53,1273.18,14,17
2573680,2573.68,14.77,86938.92,1273.14,14,17
2573706,2573.706,14.77,86940.32,1273.01,14,17
2573732,2573.732,14.77,86938.1,1273.22,14,17
2573758,2573.758,14.77,86938.74,1273.16,14,17
2573784,2573.784,14.77,86941.83,1272.87,14,17
2573809,2573.809,14.77,86941.95,1272.86,14,17
2573835,2573.835,14.77,86940.18,1273.02,14,17
2573861,2573.861,14.77,86942.35,1272.82,14,17
2573887,2573.887,14.77,86939.89,1273.05,14,17
2573913,2573.913,14.78,86941.63,1272.89,14,17
2573939,2573.939,14.78,86939.63,1273.08,14,17
2573965,2573.965,14.78,86943.59,1272.7,14,17
2573991,2573.991,14.78,86941.49,1272.9,14,17
2574017,2574.017,14.78,86939.65,1273.07,14,17
2574043,2574.043,14.78,86940.26,1273.02,14,17
2574069,2574.069,14.78,86941.91,1272.86,14,17
2574095,2574.095,14.78,86944.58,1272.61,14,17
2574121,2574.121,14.78,86942.84,1272.77,14,17
2574147,2574.147,14.78,86942.2,1272.83,14,17
2574173,2574.173,14.78,86936.54,1273.37,14,17
2574199,2574.199,14.78,86939.76,1273.06,14,17
2574225,2574.225,14.78,86937.19,1273.31,14,17
2574251,2574.251,14.78,86939.39,1273.1,14,17
2574277,2574.277,14.78,86937.42,1273.28,14,17
2574303,2574.303,14.78,86939.77,1273.06,14,17
2574329,2574.329,14.78,86938.37,1273.19,14,17
2574355,2574.355,14.78,86939.48,1273.09,14,17
2574381,2574.381,14.78,86941.09,1272.94,14,17
2574407,2574.407,14.78,86942.54,1272.8,14,17
2574433,2574.433,14.78,86943.27,1272.73,14,17
2574459,2574.459,14.78,86944.27,1272.64,14,17
2574485,2574.485,14.78,86945.79,1272.5,14,17
2574511,2574.511,14.78,86945.54,1272.52,14,17
2574537,2574.537,14.78,86948.09,1272.28,14,17
2574563,2574.563,14.78,86944.71,1272.6,14,18
2574589,2574.589,14.78,86945.4,1272.53,14,18
2574628,2574.628,14.78,86945.34,1272.54,14,18
2574649,2574.649,14.78,86946.86,1272.39,14,18
2574675,2574.675,14.78,86948.89,1272.2,14,18
2574701,2574.701,14.78,86947.69,1272.32,14,18
2574727,2574.727,14.77,86944.66,1272.6,14,18
2574753,2574.753,14.77,86949.35,1272.16,14,18
2574779,2574.779,14.77,86949.67,1272.13,14,18
2574805,2574.805,14.77,86948.36,1272.25,14,18
2574831,2574.831,14.77,86950.64,1272.04,14,18
2574857,2574.857,14.77,86949.48,1272.15,14,18
2574883,2574.883,14.77,86951.26,1271.98,14,18
2574909,2574.909,14.78,86946.13,1272.46,14,18
2574934,2574.934,14.78,86949.81,1272.12,14,18
2574960,2574.96,14.78,86946.55,1272.42,14,18
2574986,2574.986,14.78,86950.99,1272,14,18
2575012,2575.012,14.78,86951.06,1272,14,18
2575038,2575.038,14.78,86953.02,1271.81,14,18
2575064,2575.064,14.78,86953.2,1271.8,14,18
2575090,2575.09,14.78,86951.3,1271.98,14,18
2575116,2575.116,14.78,86954.2,1271.7,14,18
2575142,2575.142,14.78,86952.27,1271.88,14,18
2575168,2575.168,14.78,86955.54,1271.58,14,18
2575194,2575.194,14.78,86951.17,1271.99,14,18
2575220,2575.22,14.78,86952.72,1271.84,14,18
2575246,2575.246,14.78,86950.43,1272.06,14,18
2575272,2575.272,14.78,86951.66,1271.94,14,18
2575298,2575.298,14.78,86947.12,1272.37,14,18
2575324,2575.324,14.78,86949.11,1272.18,14,18
2575350,2575.35,14.78,86949.32,1272.16,14,18
2575376,2575.376,14.78,86948.58,1272.23,14,18
2575402,2575.402,14.78,86949.34,1272.16,14,18
2575428,2575.428,14.78,86948.35,1272.25,14,18
2575454,2575.454,14.78,86950.59,1272.04,14,18
2575480,2575.48,14.78,86949.25,1272.17,14,18
2575506,2575.506,14.78,86948.25,1272.26,14,18
2575532,2575.532,14.78,86945.27,1272.54,14,18
2575558,2575.558,14.78,86948.44,1272.25,14,18
2575584,2575.584,14.78,86946.05,1272.47,15,18
2575610,2575.61,14.78,86945.95,1272.48,15,18
2575649,2575.649,14.78,86945.64,1272.51,15,18
2575670,2575.67,14.78,86946.1,1272.47,15,18
2575696,2575.696,14.78,86946.63,1272.42,15,18
2575722,2575.722,14.78,86948.54,1272.24,15,18
2575748,2575.748,14.78,86949.3,1272.16,15,18
2575774,2575.774,14.77,86946.61,1272.42,15,18
2575800,2575.8,14.77,86946.88,1272.39,15,18
2575826,2575.826,14.78,86944.34,1272.63,15,18
2575852,2575.852,14.78,86942.35,1272.82,15,18
2575878,2575.878,14.78,86942.98,1272.76,15,18
2575904,2575.904,14.78,86946.7,1272.41,15,18
2575930,2575.93,14.78,86944.21,1272.64,15,18
2575955,2575.955,14.78,86944.74,1272.59,15,18
2575981,2575.981,14.78,86942.48,1272.81,15,18
2576007,2576.007,14.78,86943.11,1272.75,15,18
2576033,2576.033,14.78,86945.1,1272.56,15,18
2576059,2576.059,14.78,86945.95,1272.48,15,18
2576085,2576.085,14.78,86945.29,1272.54,15,18
2576111,2576.111,14.78,86944.31,1272.63,15,18
2576137,2576.137,14.78,86943.7,1272.69,15,18
2576163,2576.163,14.78,86944.61,1272.61,15,18
2576189,2576.189,14.78,86944.67,1272.6,15,18
2576215,2576.215,14.78,86944.39,1272.63,15,18
2576241,2576.241,14.78,86944.27,1272.64,15,18
2576267,2576.267,14.78,86944.37,1272.63,15,18
2576293,2576.293,14.78,86943.34,1272.73,15,18
2576319,2576.319,14.78,86943.67,1272.69,15,18
2576345,2576.345,14.78,86945.85,1272.49,15,18
2576371,2576.371,14.78,86946.23,1272.45,15,18
2576397,2576.397,14.78,86946.13,1272.46,15,18
2576423,2576.423,14.78,86945.7,1272.5,15,18
2576449,2576.449,14.78,86945.16,1272.55,15,18
2576475,2576.475,14.78,86945.92,1272.48,15,18
2576501,2576.501,14.78,86947.17,1272.36,15,18
2576527,2576.527,14.78,86942.09,1272.84,15,18
2576553,2576.553,14.78,86945.96,1272.48,15,18
2576579,2576.579,14.78,86944.58,1272.61,15,18
2576605,2576.605,14.78,86946.23,1272.45,15,18
2576631,2576.631,14.78,86945.67,1272.51,14,18
2576671,2576.671,14.78,86945.91,1272.48,14,18
2576691,2576.691,14.78,86945.76,1272.5,14,18
2576717,2576.717,14.78,86945.89,1272.49,14,18
2576743,2576.743,14.77,86946.55,1272.42,14,18
2576769,2576.769,14.77,86947.88,1272.3,14,18
2576795,2576.795,14.77,86947.34,1272.35,14,18
2576821,2576.821,14.77,86946.52,1272.43,14,18
2576847,2576.847,14.77,86946.41,1272.44,14,18
2576873,2576.873,14.77,86945.8,1272.49,14,18
2576899,2576.899,14.77,86948.3,1272.26,14,18
2576925,2576.925,14.78,86946.96,1272.38,14,18
2576951,2576.951,14.78,86948.04,1272.28,14,18
2576976,2576.976,14.78,86946.12,1272.46,14,18
2577002,2577.002,14.78,86950.22,1272.08,14,18
2577028,2577.028,14.78,86945.48,1272.52,14,18
2577054,2577.054,14.78,86947.66,1272.32,14,18
2577080,2577.08,14.78,86946.19,1272.46,14,18
2577106,2577.106,14.78,86948.7,1272.22,14,18
2577132,2577.132,14.78,86949.41,1272.15,14,18
2577158,2577.158,14.78,86949.3,1272.16,14,18
2577184,2577.184,14.78,86950.59,1272.04,14,18
2577210,2577.21,14.78,86948.04,1272.28,14,18
2577236,2577.236,14.78,86950.61,1272.04,14,18
2577262,2577.262,14.78,86947.55,1272.33,14,18
2577288,2577.288,14.78,86947.87,1272.3,14,18
2577314,2577.314,14.78,86949.61,1272.14,14,18
2577340,2577.34,14.78,86947.15,1272.37,14,18
2577366,2577.366,14.78,86949.3,1272.16,14,18
2577392,2577.392,14.78,86946.66,1272.41,14,18
2577418,2577.418,14.78,86950.05,1272.09,14,18
2577444,2577.444,14.78,86950.7,1272.03,14,18
2577470,2577.47,14.78,86952.3,1271.88,14,18
2577496,2577.496,14.78,86950.74,1272.03,14,18
2577522,2577.522,14.78,86950.98,1272.01,14,18
2577548,2577.548,14.78,86949.3,1272.16,14,18
2577574,2577.574,14.78,86949.23,1272.17,14,18
2577600,2577.6,14.78,86947.48,1272.34,14,18
2577626,2577.626,14.78,86945.8,1272.49,14,18
2577652,2577.652,14.78,86945.45,1272.53,14,18
2577692,2577.692,14.78,86945.79,1272.5,14,18
2577712,2577.712,14.78,86947.7,1272.32,14,18
2577738,2577.738,14.78,86947.4,1272.34,14,18
2577764,2577.764,14.77,86946.2,1272.46,14,18
2577790,2577.79,14.77,86946.06,1272.47,14,18
2577816,2577.816,14.77,86946.73,1272.41,14,18
2577842,2577.842,14.77,86945.77,1272.5,14,18
2577868,2577.868,14.77,86944.88,1272.58,14,18
2577894,2577.894,14.77,86946.58,1272.42,14,18
2577920,2577.92,14.77,86946.16,1272.46,14,18
2577946,2577.946,14.77,86946.75,1272.4,14,18
2577972,2577.972,14.77,86949.01,1272.19,14,18
2577998,2577.998,14.77,86947.62,1272.32,14,18
2578024,2578.024,14.78,86951,1272,14,18
2578050,2578.05,14.78,86949.86,1272.11,14,18
2578076,2578.076,14.78,86948.58,1272.23,14,18
2578102,2578.102,14.78,86948.57,1272.23,14,18
2578128,2578.128,14.78,86947.26,1272.36,14,18
2578154,2578.154,14.78,86946.08,1272.47,14,18
2578179,2578.179,14.78,86946.14,1272.46,14,18
2578205,2578.205,14.78,86947.64,1272.32,14,18
2578231,2578.231,14.78,86945.59,1272.51,14,18
2578257,2578.257,14.78,86946.13,1272.46,14,18
2578283,2578.283,14.78,86944.7,1272.6,14,18
2578309,2578.309,14.78,86947.59,1272.33,14,18
2578335,2578.335,14.78,86946.19,1272.46,14,18
2578361,2578.361,14.78,86946.65,1272.41,14,18
2578387,2578.387,14.78,86947.45,1272.34,14,18
2578413,2578.413,14.78,86949.62,1272.13,14,18
2578439,2578.439,14.78,86949.12,1272.18,14,18
2578465,2578.465,14.78,86949.74,1272.12,14,18
2578491,2578.491,14.78,86947.77,1272.31,14,18
2578517,2578.517,14.78,86945.8,1272.49,14,18
2578543,2578.543,14.78,86946.47,1272.43,14,18
2578569,2578.569,14.78,86946.55,1272.42,14,18
2578595,2578.595,14.78,86949.15,1272.18,14,18
2578621,2578.621,14.78,86948.59,1272.23,14,18
2578647,2578.647,14.78,86952.11,1271.9,14,18
2578673,2578.673,14.78,86949.23,1272.17,14,18
2578713,2578.713,14.78,86947.78,1272.31,14,18
2578733,2578.733,14.78,86947.34,1272.35,14,18
2578759,2578.759,14.78,86949.29,1272.17,14,18
2578785,2578.785,14.78,86947.26,1272.36,14,18
2578811,2578.811,14.78,86950.34,1272.07,14,18
2578837,2578.837,14.78,86945.28,1272.54,14,18
2578863,2578.863,14.78,86947.05,1272.38,14,18
2578889,2578.889,14.78,86941.64,1272.89,14,18
2578915,2578.915,14.78,86947.88,1272.3,14,18
2578941,2578.941,14.78,86944.64,1272.6,14,18
2578967,2578.967,14.78,86950.05,1272.09,14,18
2578993,2578.993,14.78,86945.95,1272.48,14,18
2579019,2579.019,14.78,86948.29,1272.26,14,18
2587650,2587.65,14.78,86950.6,1272.04,14,17
2587676,2587.676,14.77,86952.31,1271.88,14,17
2587701,2587.701,14.77,86955.16,1271.61,14,17
2587727,2587.727,14.77,86953.89,1271.73,14,17
2587753,2587.753,14.77,86953.89,1271.73,14,17
2587779,2587.779,14.77,86955.36,1271.59,14,17
2587805,2587.805,14.77,86950.73,1272.03,14,17
2587831,2587.831,14.77,86951.52,1271.95,14,17
2587857,2587.857,14.77,86952.96,1271.82,14,17
2587897,2587.897,14.77,86953.44,1271.77,14,17
2587918,2587.918,14.77,86950.23,1272.08,14,17
2587944,2587.944,14.77,86952.07,1271.9,15,19
2587969,2587.969,14.77,86948.73,1272.22,15,19
2587995,2587.995,14.77,86952.23,1271.89,15,19
2588021,2588.021,14.77,86950.12,1272.09,15,19
2588047,2588.047,14.77,86950.86,1272.02,15,19
2588073,2588.073,14.77,86952.3,1271.88,15,19
2588099,2588.099,14.77,86948.21,1272.27,15,19
2588125,2588.125,14.77,86952.12,1271.9,15,19
2588151,2588.151,14.78,86952.28,1271.88,15,19
2588177,2588.177,14.78,86954.34,1271.69,15,19
2588203,2588.203,14.78,86953.3,1271.79,15,19
2588229,2588.229,14.78,86952.41,1271.87,15,19
2588255,2588.255,14.78,86950.09,1272.09,15,19
2588281,2588.281,14.78,86952.23,1271.89,15,19
2588307,2588.307,14.78,86951.06,1272,15,19
2588333,2588.333,14.78,86951.69,1271.94,15,19
2588359,2588.359,14.78,86952.77,1271.84,15,19
2588385,2588.385,14.78,86952.04,1271.91,15,19
2588411,2588.411,14.78,86950.91,1272.01,15,19
2588437,2588.437,14.78,86953.02,1271.81,15,19
2588463,2588.463,14.78,86951.28,1271.98,15,19
2588489,2588.489,14.78,86950.77,1272.03,15,19
2588515,2588.515,14.78,86951.56,1271.95,15,19
2588541,2588.541,14.78,86951.77,1271.93,15,19
2588567,2588.567,14.78,86951.31,1271.97,15,19
2588593,2588.593,14.78,86951.12,1271.99,15,19
2588619,2588.619,14.78,86952.49,1271.86,15,19
2588645,2588.645,14.78,86952.67,1271.85,15,19
2588671,2588.671,14.78,86955.44,1271.59,15,19
2588697,2588.697,14.78,86954.02,1271.72,15,19
2588723,2588.723,14.78,86954.29,1271.69,15,19
2588749,2588.749,14.78,86956.73,1271.46,15,19
2588775,2588.775,14.78,86954.6,1271.66,15,19
2588801,2588.801,14.78,86955.46,1271.58,15,19
2588827,2588.827,14.78,86955.15,1271.61,15,19
2588853,2588.853,14.78,86953.73,1271.75,15,19
2588879,2588.879,14.78,86953.76,1271.74,15,19
2588918,2588.918,14.78,86953.98,1271.72,15,19
2588939,2588.939,14.78,86954.12,1271.71,15,19
2588965,2588.965,14.78,86956.42,1271.49,14,18
2588991,2588.991,14.78,86956.89,1271.45,14,18
2589017,2589.017,14.78,86958.41,1271.31,14,18
2589043,2589.043,14.78,86957.57,1271.39,14,18
2589069,2589.069,14.78,86957.62,1271.38,14,18
2589095,2589.095,14.78,86959.35,1271.22,14,18
2589120,2589.12,14.78,86959.15,1271.24,14,18
2589146,2589.146,14.78,86958.4,1271.31,14,18
2589172,2589.172,14.78,86957.65,1271.38,14,18
2589198,2589.198,14.78,86954.97,1271.63,14,18
2589224,2589.224,14.78,86955.16,1271.61,14,18
2589250,2589.25,14.78,86954.61,1271.66,14,18
2589276,2589.276,14.78,86957.53,1271.39,14,18
2589302,2589.302,14.78,86956.9,1271.45,14,18
2589328,2589.328,14.78,86956.98,1271.44,14,18
2589354,2589.354,14.78,86958.59,1271.29,14,18
2589380,2589.38,14.78,86958.66,1271.28,14,18
2589406,2589.406,14.78,86959.2,1271.23,14,18
2589432,2589.432,14.78,86958.48,1271.3,14,18
2589458,2589.458,14.78,86957.21,1271.42,14,18
2589970,2589.97,14.74,86964.03,1270.78,14,18
2590971,2590.971,14.68,86963.89,1270.79,14,17
2591970,2591.97,14.63,86969.53,1270.26,13,16
2592972,2592.972,14.61,86972.55,1269.97,13,16
2593970,2593.97,14.59,86984.29,1268.87,13,16
2594971,2594.971,14.58,86985.73,1268.73,14,17
2595969,2595.969,14.58,86986.55,1268.65,13,16
2596970,2596.97,14.57,86996.61,1267.71,13,16
2597971,2597.971,14.57,87002.82,1267.12,12,15
2598969,2598.969,14.57,87009.73,1266.47,12,15
2599970,2599.97,14.57,87012.08,1266.25,12,15
2600971,2600.971,14.57,87008,1266.63,13,17
2601969,2601.969,14.57,87009.13,1266.53,12,15
2602970,2602.97,14.57,87005.84,1266.84,12,15
2603970,2603.97,14.57,86997.46,1267.63,12,15
2604971,2604.971,14.59,86987.12,1268.6,13,16
2605969,2605.969,14.62,86975.57,1269.69,13,16
2606970,2606.97,14.62,86969.25,1270.28,13,16
2607971,2607.971,14.62,86965.69,1270.62,14,17
2608969,2608.969,14.62,86963.33,1270.84,14,18
2609971,2609.971,14.61,86960.06,1271.15,14,17
2610969,2610.969,14.61,86960.43,1271.12,15,18
2611971,2611.971,14.61,86963.11,1270.86,14,18
2612969,2612.969,14.6,86968.74,1270.33,14,18
2613971,2613.971,14.6,86975.74,1269.67,14,17
2614969,2614.969,14.6,86983.38,1268.95,15,19
2615971,2615.971,14.6,86984.84,1268.82,14,18
2616969,2616.969,14.6,86987.27,1268.59,14,18
2617971,2617.971,14.6,86989.79,1268.35,13,16
2618969,2618.969,14.6,86998.33,1267.54,13,16
2619971,2619.971,14.59,87009.4,1266.5,12,15
2620969,2620.969,14.6,87018.93,1265.61,12,15
2621971,2621.971,14.6,87032.81,1264.3,11,14
2622970,2622.97,14.6,87042.27,1263.41,11,14
2623971,2623.971,14.6,87045.86,1263.07,11,14
2624970,2624.97,14.6,87054.49,1262.26,12,14
2625971,2625.971,14.6,87058.62,1261.87,12,14
2626976,2626.976,14.61,87065.63,1261.21,11,14
2627977,2627.977,14.61,87076.2,1260.21,11,14
2628975,2628.975,14.61,87084.13,1259.47,11,14
2629976,2629.976,14.61,87085.99,1259.29,12,15
2630977,2630.977,14.61,87086.3,1259.26,11,14
2631978,2631.978,14.61,87091.56,1258.77,11,14
2632980,2632.98,14.6,87090.5,1258.87,11,14
2633981,2633.981,14.59,87093.79,1258.56,12,15
2634982,2634.982,14.59,87096.84,1258.27,11,14
2635983,2635.983,14.59,87098.38,1258.12,11,13
2636983,2636.983,14.58,87108.07,1257.21,11,14
2637984,2637.984,14.58,87111.59,1256.88,12,15
2638985,2638.985,14.58,87123.39,1255.77,11,14
2639986,2639.986,14.58,87129.47,1255.2,11,13
2640987,2640.987,14.57,87132.02,1254.96,11,14
2641988,2641.988,14.57,87141.03,1254.11,12,15
2642989,2642.989,14.57,87147.36,1253.52,11,14
2643990,2643.99,14.57,87160.17,1252.31,11,13
2644991,2644.991,14.57,87175.17,1250.9,11,14
2645983,2645.983,14.57,87181.3,1249.75,12,16
2646984,2646.984,14.57,87193.83,1248.93,11,13
2647969,2647.969,14.57,87201.84,1248.39,11,14
2648970,2648.97,14.57,87208.72,1247.75,11,13
2649969,2649.969,14.57,87213.1,1247.33,12,14
2650970,2650.97,14.57,87218.29,1246.85,12,15
2651971,2651.971,14.58,87222.19,1246.48,12,15
2652972,2652.972,14.59,87227.34,1246,13,16
2653970,2653.97,14.6,87233.37,1245.43,13,16
2654971,2654.971,14.6,87239.38,1244.86,13,17
2655971,2655.971,14.6,87243.34,1244.49,14,18
2656970,2656.97,14.61,87246.07,1244.24,13,16
2657971,2657.971,14.61,87247.58,1244.09,13,16
2658969,2658.969,14.61,87252.2,1243.66,13,17
2659971,2659.971,14.61,87254.51,1243.44,14,18
2660969,2660.969,14.61,87262.45,1242.7,14,18
2661971,2661.971,14.61,87261.07,1242.83,14,18
2662970,2662.97,14.61,87268.08,1242.17,14,18
2663971,2663.971,14.61,87272.71,1241.73,15,19
2664970,2664.97,14.61,87277.41,1241.29,14,18
2665971,2665.971,14.61,87281.11,1240.94,14,17
2666970,2666.97,14.61,87284.83,1240.59,14,18
2667971,2667.971,14.61,87294.88,1239.65,15,19
2668970,2668.97,14.61,87297.16,1239.44,14,17
2669972,2669.972,14.63,87300.12,1239.16,14,17
2670970,2670.97,14.65,87302.81,1238.9,14,18
2671972,2671.972,14.65,87310.89,1238.15,15,18
2672970,2672.97,14.65,87308.93,1238.33,15,18
2673969,2673.969,14.65,87311.7,1238.07,15,19
2674970,2674.97,14.65,87315.61,1237.7,16,21
2675972,2675.972,14.64,87323.99,1236.92,16,20
2676970,2676.97,14.64,87335.46,1235.84,16,20
2677971,2677.971,14.64,87345.26,1234.92,17,22
2678971,2678.971,14.66,87351.21,1234.36,16,21
2679969,2679.969,14.67,87365.94,1232.98,16,20
2680970,2680.97,14.67,87374.91,1232.14,16,20
2681971,2681.971,14.67,87378.16,1231.83,17,22
2682969,2682.969,14.68,87379.39,1231.71,17,22
2683970,2683.97,14.7,87383.11,1231.36,17,21
2684970,2684.97,14.7,87384.21,1231.26,18,22
2685971,2685.971,14.7,87389.66,1230.75,18,23
2686969,2686.969,14.72,87396.5,1230.11,18,23
2687970,2687.97,14.73,87402.19,1229.57,19,24
2688971,2688.971,14.74,87402.45,1229.55,19,25
2689969,2689.969,14.75,87411.73,1228.68,19,25
2690970,2690.97,14.77,87410.74,1228.77,20,26
2691972,2691.972,14.77,87414.91,1228.38,20,25
2692970,2692.97,14.75,87421.53,1227.76,20,25
2693972,2693.972,14.74,87422.74,1227.65,21,28
2694970,2694.97,14.74,87426.97,1227.25,20,26
2695971,2695.971,14.73,87427.41,1227.21,20,26
2696970,2696.97,14.72,87430.34,1226.93,20,26
2697971,2697.971,14.72,87430.07,1226.96,20,25
,,,,,,
,,,,,,
=== FLIGHT EVENT TIMELINE ===,,,,,,
System Start,,0 ms,,,,
Active State,,1655 ms,,,,
Freefall Detected,,2521545 ms,,,,
Actuator Deployed,,2521545 ms,,,,
Touchdown,,2697971 ms,,,,
